,Feature,rank
0,btcdom_volume_prev_44,14.0
1,btcdom_volume_prev_140,18.0
2,btcdom_volume_prev_124,21.0
3,btcdom_volume_prev_80,46.0
4,btcd_volume_prev_48,55.5
5,rsi,58.5
6,btcd_volume_prev_96,59.5
7,btcdom_volume_prev_244,60.0
8,btcdom_volume_prev_256,82.0
9,btcdom_volume_prev_52,82.0
10,btcdom_volume_prev_184,88.0
11,btcdom_volume_prev_4,89.0
12,btcdom_volume_prev_168,103.0
13,btcdom_volume_prev_56,110.5
14,btcdom_volume_prev_40,111.5
15,rsi_prev_4,121.0
16,btcdom_volume_prev_68,134.5
17,btcdom_volume_prev_84,137.0
18,btcdom_volume_prev_252,138.5
19,high_prev_80,169.5
20,close_prev_196,171.0
21,stoch_diff_prev_4,174.0
22,btcdom_volume_prev_88,178.5
23,btcdom_volume_prev_272,183.5
24,stoch_slowk,186.5
25,rsi_prev_68,187.0
26,btcd_open_prev_168,191.0
27,btcd_volume_prev_240,192.0
28,btcdom_volume_prev_232,195.5
29,high_prev_268,197.0
30,btcdom_volume_prev_24,199.5
31,low_prev_88,204.0
32,rsi_prev_112,217.5
33,stoch_slowk_prev_120,218.0
34,btcdom_volume_prev_216,220.5
35,close_prev_44,222.0
36,btcdom_volume_prev_92,223.0
37,low_prev_196,226.5
38,stoch_diff_prev_28,237.0
39,rsi_prev_260,240.5
40,btcd_volume_prev_264,241.0
41,btcdom_volume_prev_180,242.5
42,btcdom_high_prev_4,244.5
43,btcdom_volume_prev_188,247.5
44,stoch_slowk_prev_128,254.0
45,rsi_prev_72,254.5
46,high_prev_216,255.5
47,close_prev_152,257.5
48,low_prev_32,260.0
49,stoch_slowd_prev_88,261.0
50,btcdom_volume_prev_72,261.5
51,open_prev_72,262.5
52,stoch_slowk_prev_8,262.5
53,stoch_slowd_prev_220,264.5
54,btcdom_open_prev_224,267.0
55,low_prev_168,270.5
56,high_prev_72,271.0
57,btcdom_volume_prev_32,272.0
58,rsi_prev_168,273.0
59,btcd_volume,277.0
60,high_prev_196,285.0
61,btcdom_volume,290.0
62,low_prev_8,292.0
63,linear_reg_angle_prev_256,293.0
64,rsi_prev_272,294.5
65,open_prev_216,295.5
66,high_prev_32,310.5
67,btcdom_volume_prev_64,316.0
68,high_prev_48,319.5
69,btcd_close_prev_240,320.0
70,close_prev_268,330.5
71,low_prev_264,334.0
72,rsi_prev_108,335.0
73,btcdom_open_prev_252,341.5
74,linear_reg_angle_prev_8,343.5
75,rsi_prev_164,346.0
76,btcdom_low_prev_192,348.5
77,stoch_slowd_prev_48,352.0
78,close_prev_48,353.0
79,btcdom_volume_prev_96,360.0
80,linear_reg_angle_prev_16,364.5
81,low_prev_24,366.0
82,low_prev_148,370.5
83,low_prev_84,374.0
84,close_prev_144,384.5
85,stoch_diff_prev_32,395.0
86,btcdom_volume_prev_60,395.0
87,btcd_open,396.0
88,rsi_prev_128,397.5
89,stoch_slowk_prev_16,399.0
90,close_prev_184,401.0
91,low_prev_272,403.0
92,low_prev_164,407.0
93,atr_prev_200,410.5
94,linear_reg_angle_prev_4,411.0
95,stoch_diff_prev_264,413.0
96,atr,414.0
97,stoch_diff_prev_212,416.0
98,stoch_slowd_prev_68,416.5
99,low_prev_128,419.0
100,btcdom_volume_prev_220,419.0
101,low,420.0
102,rsi_prev_172,423.5
103,rsi_prev_40,424.5
104,close_prev_220,424.5
105,btcd_high_prev_240,431.0
106,stoch_slowd_prev_244,432.5
107,low_prev_12,435.5
108,rsi_prev_248,439.0
109,rsi_prev_176,442.5
110,high_prev_160,444.0
111,high_prev_248,448.0
112,close_prev_236,450.5
113,close_prev_120,451.5
114,atr_prev_64,452.5
115,atr_prev_32,455.5
116,btcd_low_prev_24,464.5
117,btcdom_volume_prev_164,469.5
118,stoch_diff_prev_116,477.5
119,low_prev_216,482.0
120,stoch_slowk_prev_68,482.5
121,atr_prev_16,485.0
122,volume_prev_4,499.0
123,low_prev_72,500.0
124,close_prev_40,502.5
125,close_prev_248,503.5
126,rsi_prev_52,512.0
127,low_prev_20,512.5
128,atr_prev_188,517.0
129,btcdom_low_prev_152,522.0
130,btcdom_open,526.0
131,stoch_diff_prev_272,529.5
132,rsi_prev_120,541.0
133,rsi_prev_44,543.5
134,stoch_slowk_prev_124,546.0
135,rsi_prev_8,552.0
136,stoch_slowd_prev_92,552.5
137,high_prev_240,554.5
138,close_prev_156,556.5
139,atr_prev_132,560.0
140,low_prev_224,561.0
141,atr_prev_240,564.5
142,stoch_slowd_prev_8,566.5
143,btcdom_volume_prev_132,572.5
144,low_prev_152,573.5
145,stoch_slowd_prev_140,576.0
146,low_prev_116,577.5
147,btcd_high_prev_72,579.0
148,stoch_slowk_prev_152,581.0
149,stoch_slowk_prev_268,584.0
150,btcd_open_prev_48,586.0
151,stoch_diff_prev_80,586.5
152,low_prev_200,591.5
153,stoch_diff_prev_128,592.0
154,stoch_diff_prev_88,592.0
155,stoch_diff_prev_108,602.5
156,atr_prev_100,605.0
157,high_prev_220,606.5
158,stoch_slowd_prev_260,608.0
159,btcd_low_prev_264,610.0
160,high_prev_184,612.5
161,stoch_diff_prev_20,614.0
162,high_prev_36,616.0
163,stoch_slowd_prev_132,617.0
164,stoch_slowk_prev_40,617.0
165,atr_prev_124,619.5
166,close_prev_84,625.0
167,stoch_slowk_prev_104,625.0
168,stoch_slowd_prev_76,628.5
169,rsi_prev_64,636.5
170,btcdom_close_prev_244,638.0
171,rsi_prev_224,639.0
172,btcdom_high_prev_184,639.0
173,close_prev_180,640.0
174,btcd_open_prev_96,641.0
175,atr_prev_8,641.0
176,low_prev_212,644.0
177,btcd_open_prev_216,644.0
178,low_prev_16,648.5
179,high_prev_24,654.0
180,stoch_diff_prev_12,656.0
181,low_prev_112,656.0
182,volume_prev_8,656.5
183,close_prev_204,659.5
184,btcdom_low_prev_24,660.0
185,rsi_prev_240,661.0
186,close_prev_112,661.0
187,close_prev_4,664.0
188,high_prev_108,666.0
189,rsi_prev_132,671.0
190,atr_prev_76,674.5
191,close_prev_108,676.0
192,atr_prev_112,676.0
193,stoch_slowk_prev_232,677.0
194,btcdom_high_prev_248,685.5
195,open_prev_144,687.0
196,atr_prev_72,696.5
197,rsi_prev_76,697.5
198,btcd_low_prev_168,698.0
199,macdhist_prev_208,703.0
200,stoch_slowk_prev_116,705.0
201,atr_prev_212,710.5
202,volume_prev_56,710.5
203,stoch_slowk_prev_44,715.5
204,high_prev_164,716.0
205,linear_reg_angle_prev_188,721.0
206,close_prev_164,722.0
207,rsi_prev_196,728.0
208,atr_prev_88,733.0
209,btcdom_volume_prev_192,733.5
210,rsi_prev_244,742.0
211,btcdom_open_prev_240,747.5
212,btcdom_close_prev_4,749.5
213,btcdom_high_prev_48,750.0
214,close_prev_96,751.0
215,atr_prev_156,754.0
216,low_prev_180,754.5
217,stoch_slowd_prev_104,756.0
218,btcd_open_prev_240,756.0
219,high_prev_76,761.0
220,volume_prev_44,764.5
221,stoch_diff_prev_216,772.0
222,high_prev_120,773.5
223,rsi_prev_264,776.0
224,atr_prev_152,777.0
225,stoch_diff_prev_124,779.0
226,high_prev_28,781.0
227,low_prev_108,782.5
228,high_prev_60,783.0
229,btcdom_close_prev_260,785.5
230,stoch_slowd_prev_108,786.0
231,stoch_diff_prev_144,787.0
232,stoch_slowd_prev_52,788.0
233,btcdom_low_prev_44,788.5
234,btcdom_volume_prev_36,789.5
235,stoch_slowk_prev_92,792.5
236,btcd_volume_prev_168,792.5
237,btcdom_low_prev_40,796.0
238,stoch_diff_prev_268,796.5
239,stoch_slowk_prev_256,801.0
240,close_prev_116,807.0
241,btcdom_close,807.5
242,linear_reg_angle_prev_20,808.5
243,close_prev_36,810.0
244,btcdom_volume_prev_28,810.5
245,volume_prev_200,811.0
246,stoch_slowd_prev_144,811.0
247,btcdom_open_prev_256,816.0
248,btcd_low_prev_240,817.0
249,stoch_slowk_prev_136,819.5
250,stoch_diff_prev_76,823.0
251,linear_reg_prev_104,824.0
252,funding_rate_prev_40,825.5
253,volume_prev_52,826.0
254,atr_prev_4,826.0
255,high_prev_252,830.5
256,rsi_prev_144,831.0
257,stoch_slowd_prev_40,839.5
258,rsi_prev_96,841.0
259,close_prev_192,844.0
260,btcdom_open_prev_48,845.5
261,atr_prev_176,845.5
262,btcdom_low_prev_188,848.5
263,high_prev_132,849.5
264,low_prev_240,851.0
265,low_prev_60,853.5
266,rsi_prev_60,858.0
267,btcdom_open_prev_184,859.5
268,btcdom_open_prev_44,861.5
269,stoch_diff_prev_64,861.5
270,low_prev_120,862.0
271,atr_prev_164,865.5
272,open_prev_24,866.0
273,btcdom_close_prev_252,870.0
274,stoch_slowd_prev_148,872.5
275,close_prev_52,875.0
276,btcdom_high_prev_56,876.0
277,stoch_slowd_prev_136,879.0
278,atr_prev_140,883.5
279,stoch_slowd_prev_116,885.5
280,macdhist_prev_240,886.5
281,stoch_diff_prev_40,895.0
282,volume_prev_132,898.0
283,stoch_slowk_prev_208,899.5
284,close_prev_136,905.0
285,close_prev_60,905.5
286,low_prev_36,907.5
287,stoch_slowd_prev_152,914.5
288,stoch_slowd_prev_160,915.5
289,macdhist_prev_248,917.5
290,high_prev_260,920.5
291,atr_prev_92,921.0
292,atr_prev_252,924.5
293,stoch_slowk_prev_196,925.5
294,volume_prev_256,925.5
295,atr_prev_244,928.0
296,btcd_high_prev_168,934.0
297,high_prev_56,936.5
298,linear_reg_angle_prev_116,936.5
299,btcdom_high_prev_28,938.0
300,volume_prev_124,939.5
301,btcdom_low_prev_256,941.5
302,low_prev_232,942.5
303,low_prev_260,944.0
304,high_prev_4,944.5
305,btcd_high_prev_192,946.0
306,stoch_slowk_prev_188,950.5
307,stoch_slowd_prev_184,951.0
308,volume_prev_220,951.5
309,linear_reg_angle_prev_236,952.5
310,linear_reg_angle_prev_260,956.0
311,stoch_slowk_prev_64,958.0
312,stoch_diff_prev_252,959.5
313,stoch_slowd_prev_164,960.0
314,rsi_prev_228,960.5
315,atr_prev_260,961.0
316,macdhist_prev_32,963.0
317,low_prev_44,966.0
318,stoch_slowd_prev_208,974.5
319,funding_rate_prev_232,977.0
320,btcdom_low_prev_212,983.0
321,volume_prev_244,984.0
322,btcdom_high_prev_192,989.0
323,close_prev_132,989.5
324,btcdom_high_prev_32,990.0
325,stoch_diff_prev_92,991.0
326,stoch_diff_prev_192,993.5
327,high_prev_232,994.0
328,btcd_close,994.0
329,stoch_diff_prev_72,997.0
330,stoch_diff_prev_140,1002.5
331,rsi_prev_148,1005.0
332,high_prev_112,1006.5
333,volume_prev_240,1008.0
334,btcdom_open_prev_188,1010.0
335,btcd_low_prev_216,1010.5
336,btcdom_high_prev_252,1014.0
337,volume_prev_180,1022.0
338,btcdom_low_prev_184,1022.5
339,btcd_open_prev_120,1023.0
340,linear_reg_prev_100,1023.0
341,stoch_diff_prev_48,1027.5
342,close,1032.5
343,close_prev_12,1034.0
344,high_prev_188,1034.0
345,stoch_slowd_prev_64,1038.0
346,stoch_slowd,1039.5
347,btcdom_low_prev_52,1040.0
348,btcdom_high_prev_88,1040.0
349,volume_prev_216,1042.5
350,rsi_prev_252,1044.0
351,close_prev_172,1050.5
352,stoch_slowk_prev_60,1052.0
353,linear_reg_prev_96,1056.0
354,rsi_prev_100,1057.5
355,stoch_slowd_prev_32,1059.5
356,rsi_prev_104,1061.0
357,linear_reg_angle_prev_104,1062.0
358,close_prev_260,1067.0
359,high_prev_200,1068.5
360,stoch_slowk_prev_176,1069.0
361,btcd_high_prev_96,1072.0
362,volume_prev_208,1073.0
363,high_prev_236,1074.5
364,close_prev_232,1079.0
365,high_prev_64,1081.5
366,linear_reg_angle_prev_224,1089.0
367,btcdom_open_prev_200,1090.5
368,rsi_prev_12,1093.5
369,close_prev_28,1094.0
370,stoch_diff_prev_100,1099.5
371,stoch_slowd_prev_256,1099.5
372,close_prev_188,1101.0
373,low_prev_184,1103.0
374,linear_reg_angle_prev_232,1104.0
375,rsi_prev_24,1106.5
376,stoch_slowk_prev_144,1107.0
377,stoch_slowk_prev_84,1110.0
378,atr_prev_104,1114.5
379,btcd_low_prev_192,1120.5
380,linear_reg_angle_prev_56,1120.5
381,high_prev_52,1121.5
382,btcd_open_prev_72,1124.0
383,volume_prev_88,1124.5
384,rsi_prev_220,1127.0
385,low_prev_192,1127.5
386,atr_prev_232,1129.0
387,macdhist_prev_212,1129.5
388,linear_reg_prev_208,1132.5
389,macd_prev_16,1137.5
390,stoch_slowd_prev_128,1138.0
391,stoch_diff_prev_200,1139.5
392,btcdom_open_prev_52,1141.0
393,linear_reg_angle_prev_124,1141.0
394,volume_prev_136,1142.5
395,btcdom_open_prev_244,1146.5
396,volume_prev_248,1150.0
397,stoch_diff_prev_104,1150.5
398,stoch_slowk_prev_12,1156.0
399,stoch_slowk_prev_252,1157.5
400,stoch_slowk_prev_236,1158.0
401,stoch_slowd_prev_36,1158.0
402,high_prev_92,1158.5
403,volume_prev_120,1160.0
404,macd_prev_8,1160.0
405,close_prev_216,1162.5
406,close_prev_148,1162.5
407,macd_prev_100,1163.0
408,btcd_low_prev_96,1164.0
409,high_prev_244,1166.0
410,linear_reg_angle_prev_64,1170.5
411,close_prev_88,1172.5
412,btcd_low,1173.0
413,stoch_slowd_prev_212,1173.0
414,macdsignal_prev_232,1173.5
415,btcdom_volume_prev_120,1178.5
416,btcd_high_prev_264,1179.0
417,linear_reg_angle_prev_160,1180.5
418,open_prev_168,1184.5
419,stoch_diff,1187.5
420,atr_prev_184,1188.0
421,stoch_slowk_prev_80,1192.5
422,rsi_prev_212,1193.0
423,btcdom_close_prev_248,1193.5
424,atr_prev_28,1194.0
425,volume_prev_140,1194.0
426,close_prev_76,1194.0
427,stoch_diff_prev_24,1197.0
428,btcdom_open_prev_16,1197.0
429,close_prev_8,1197.5
430,btcdom_high_prev_212,1197.5
431,btcdom_low_prev_172,1198.5
432,open_prev_192,1203.0
433,btcdom_low_prev_72,1207.0
434,btcd_high,1207.0
435,volume_prev_80,1207.5
436,linear_reg_angle_prev_172,1208.5
437,stoch_slowd_prev_60,1211.0
438,btcdom_high_prev_224,1212.0
439,btcdom_volume_prev_108,1218.0
440,linear_reg_angle_prev_108,1218.0
441,btcdom_volume_prev_248,1218.5
442,macd_prev_236,1220.0
443,stoch_slowd_prev_56,1220.0
444,btcdom_open_prev_260,1221.0
445,rsi_prev_256,1222.5
446,high_prev_68,1222.5
447,macdhist_prev_72,1227.0
448,stoch_slowk_prev_20,1229.0
449,btcdom_high_prev_272,1232.5
450,btcdom_close_prev_208,1234.0
451,btcdom_low_prev_4,1235.0
452,macdhist_prev_224,1239.0
453,stoch_diff_prev_136,1239.5
454,rsi_prev_184,1240.0
455,low_prev_40,1243.5
456,stoch_slowk_prev_72,1246.0
457,stoch_diff_prev_44,1246.0
458,open_prev_48,1246.5
459,btcdom_open_prev_272,1247.0
460,macdsignal_prev_200,1248.0
461,macd_prev_240,1253.0
462,btcdom_low_prev_20,1255.0
463,funding_rate_prev_224,1255.5
464,stoch_slowk_prev_228,1256.0
465,btcdom_high_prev_240,1257.5
466,macd_prev_44,1259.0
467,stoch_diff_prev_112,1259.5
468,stoch_slowk_prev_112,1260.5
469,macdhist_prev_36,1262.0
470,high_prev_144,1263.0
471,stoch_slowk_prev_108,1266.5
472,btcdom_open_prev_8,1272.0
473,macdhist_prev_4,1273.0
474,close_prev_128,1274.5
475,volume_prev_68,1276.0
476,macd_prev_56,1278.0
477,linear_reg_angle_prev_208,1279.5
478,close_prev_212,1281.0
479,macd_prev_244,1282.5
480,btcdom_volume_prev_104,1285.0
481,low_prev_256,1286.5
482,close_prev_160,1287.0
483,stoch_slowk_prev_168,1288.0
484,high_prev_256,1288.5
485,btcdom_low_prev_260,1289.5
486,macdhist_prev_20,1290.0
487,btcdom_low_prev_240,1291.0
488,btcdom_high_prev_208,1293.5
489,rsi_prev_160,1295.0
490,low_prev_144,1299.0
491,volume_prev_36,1299.0
492,stoch_diff_prev_148,1300.5
493,linear_reg_angle_prev_132,1302.5
494,btcdom_volume_prev_260,1302.5
495,btcdom_low_prev_268,1303.5
496,rsi_prev_80,1304.5
497,stoch_slowd_prev_16,1306.0
498,rsi_prev_192,1309.0
499,linear_reg_prev_48,1313.5
500,linear_reg_angle_prev_48,1314.0
501,btcdom_low_prev_16,1315.0
502,btcd_low_prev_72,1317.5
503,stoch_slowd_prev_4,1321.0
504,macdhist_prev_28,1324.0
505,btcdom_volume_prev_20,1324.0
506,close_prev_20,1326.0
507,stoch_diff_prev_180,1327.0
508,stoch_diff_prev_208,1327.0
509,stoch_slowd_prev_204,1328.0
510,btcd_open_prev_144,1329.0
511,stoch_slowk_prev_272,1330.5
512,volume,1331.5
513,funding_rate_prev_128,1332.0
514,rsi_prev_116,1332.5
515,close_prev_24,1333.5
516,atr_prev_80,1335.5
517,linear_reg_angle_prev_128,1336.0
518,atr_prev_56,1337.5
519,btcdom_volume_prev_208,1339.0
520,macd_prev_92,1340.0
521,volume_prev_32,1344.0
522,btcdom_close_prev_76,1344.5
523,close_prev_224,1350.0
524,btcdom_volume_prev_224,1350.5
525,btcdom_open_prev_248,1350.5
526,linear_reg_angle_prev_72,1355.0
527,macd_prev_4,1355.0
528,volume_prev_112,1356.0
529,btcdom_volume_prev_240,1356.0
530,atr_prev_120,1358.0
531,macdhist_prev_220,1359.0
532,btcdom_high_prev_148,1360.0
533,stoch_slowd_prev_100,1360.5
534,macdhist_prev_172,1361.0
535,close_prev_56,1361.5
536,linear_reg_angle_prev_192,1362.0
537,stoch_diff_prev_160,1363.5
538,linear_reg_angle_prev_92,1364.0
539,linear_reg_prev_92,1365.0
540,linear_reg_angle_prev_120,1366.0
541,btcdom_low_prev_88,1366.5
542,btcd_volume_prev_120,1368.0
543,btcdom_volume_prev_16,1369.0
544,atr_prev_52,1369.5
545,btcdom_volume_prev_204,1369.5
546,btcdom_volume_prev_196,1370.0
547,linear_reg_angle_prev_28,1375.0
548,btcdom_close_prev_20,1375.5
549,stoch_slowk_prev_140,1376.0
550,stoch_slowd_prev_112,1376.5
551,macdhist_prev_96,1377.0
552,rsi_prev_208,1377.5
553,stoch_slowd_prev_176,1379.0
554,low_prev_28,1379.0
555,btcdom_high_prev_168,1380.0
556,btcd_high_prev_144,1380.5
557,linear_reg_prev_120,1381.0
558,volume_prev_72,1383.0
559,close_prev_92,1386.0
560,btcd_high_prev_216,1386.5
561,volume_prev_264,1388.0
562,close_prev_168,1391.0
563,stoch_slowk_prev_56,1392.0
564,linear_reg_prev_32,1392.0
565,atr_prev_44,1392.5
566,rsi_prev_32,1393.0
567,btcdom_low_prev_32,1394.0
568,low_prev_4,1396.5
569,linear_reg_prev_224,1396.5
570,macdsignal_prev_92,1397.0
571,linear_reg_prev_68,1400.0
572,rsi_prev_92,1400.5
573,linear_reg_angle_prev_96,1401.0
574,btcd_volume_prev_72,1402.0
575,atr_prev_148,1402.0
576,low_prev_96,1407.5
577,btcdom_high_prev_260,1407.5
578,btcdom_open_prev_68,1411.0
579,macdhist_prev_272,1411.5
580,macd_prev_60,1413.0
581,stoch_slowd_prev_120,1413.5
582,macdsignal_prev_204,1414.0
583,btcdom_low_prev_264,1415.0
584,rsi_prev_204,1418.0
585,btcdom_low_prev_164,1419.0
586,btcdom_close_prev_240,1419.5
587,close_prev_264,1419.5
588,btcdom_volume_prev_76,1420.0
589,stoch_slowd_prev_248,1420.5
590,low_prev_236,1421.0
591,rsi_prev_140,1424.5
592,volume_prev_196,1426.0
593,stoch_slowk_prev_216,1426.5
594,btcd_volume_prev_192,1428.0
595,macdsignal_prev_192,1431.0
596,macdhist_prev_140,1432.0
597,rsi_prev_180,1434.0
598,low_prev_208,1434.5
599,btcd_open_prev_264,1434.5
600,btcdom_open_prev_56,1434.5
601,rsi_prev_28,1435.0
602,close_prev_140,1435.5
603,linear_reg_prev_72,1437.0
604,btcdom_volume_prev_212,1439.0
605,btcdom_volume_prev_8,1441.0
606,linear_reg_angle,1441.5
607,stoch_slowd_prev_124,1441.5
608,rsi_prev_236,1442.5
609,btcdom_volume_prev_176,1443.0
610,high,1444.5
611,high_prev_176,1446.5
612,btcdom_volume_prev_200,1447.5
613,btcdom_volume_prev_152,1448.0
614,btcdom_volume_prev_12,1449.0
615,stoch_slowk_prev_48,1449.0
616,linear_reg_prev_44,1449.5
617,btcdom_volume_prev_116,1450.0
618,low_prev_136,1450.0
619,linear_reg_angle_prev_80,1451.0
620,btcdom_volume_prev_236,1453.0
621,atr_prev_248,1453.5
622,btcdom_low_prev_216,1454.0
623,volume_prev_268,1455.0
624,high_prev_168,1455.0
625,btcdom_volume_prev_100,1455.0
626,btcdom_volume_prev_136,1456.5
627,rsi_prev_268,1458.5
628,btcdom_volume_prev_128,1459.0
629,btcd_volume_prev_144,1459.0
630,low_prev_104,1459.5
631,stoch_slowd_prev_72,1459.5
632,btcdom_low_prev_208,1460.5
633,volume_prev_152,1462.0
634,rsi_prev_88,1462.5
635,macd_prev_268,1464.0
636,btcdom_volume_prev_172,1464.0
637,linear_reg_prev_272,1465.0
638,close_prev_32,1465.0
639,open,1466.0
640,btcdom_volume_prev_112,1466.0
641,stoch_slowk_prev_244,1467.0
642,stoch_slowk_prev_220,1467.5
643,btcd_volume_prev_24,1467.5
644,rsi_prev_16,1468.5
645,btcd_close_prev_264,1468.5
646,btcdom_open_prev_176,1469.5
647,linear_reg_angle_prev_264,1469.5
648,stoch_diff_prev_84,1473.0
649,btcdom_volume_prev_148,1473.0
650,high_prev_156,1474.0
651,btcdom_volume_prev_156,1474.0
652,btcd_volume_prev_216,1475.0
653,btcd_high_prev_24,1476.0
654,macdhist_prev_256,1476.0
655,btcdom_close_prev_196,1478.0
656,macd_prev_272,1479.5
657,stoch_slowk_prev_28,1480.0
658,close_prev_100,1480.0
659,low_prev_64,1481.5
660,stoch_slowd_prev_272,1482.0
661,macd_prev_172,1482.0
662,stoch_diff_prev_232,1483.5
663,stoch_slowd_prev_224,1484.0
664,atr_prev_60,1487.0
665,btcdom_open_prev_220,1487.5
666,btcdom_high_prev_268,1488.0
667,btcdom_high_prev_76,1488.0
668,btcdom_volume_prev_268,1488.5
669,funding_rate_prev_48,1489.0
670,high_prev_84,1490.5
671,low_prev_220,1492.0
672,btcdom_volume_prev_48,1493.0
673,macd_prev_124,1497.0
674,btcdom_close_prev_188,1498.5
675,btcdom_close_prev_12,1502.0
676,btcdom_low,1502.0
677,btcdom_volume_prev_264,1502.0
678,linear_reg_prev_268,1502.5
679,rsi_prev_56,1503.5
680,btcdom_close_prev_228,1505.5
681,volume_prev_84,1506.0
682,btcdom_volume_prev_228,1507.5
683,btcdom_open_prev_264,1509.0
684,btcdom_volume_prev_144,1509.5
685,volume_prev_224,1509.5
686,atr_prev_180,1510.0
687,stoch_slowk_prev_240,1512.0
688,linear_reg_angle_prev_152,1513.0
689,volume_prev_92,1514.0
690,btcdom_low_prev_56,1515.0
691,btcdom_open_prev_40,1515.5
692,macdsignal_prev_112,1516.0
693,high_prev_20,1517.5
694,btcdom_low_prev_60,1518.5
695,btcdom_close_prev_96,1519.5
696,stoch_diff_prev_164,1519.5
697,btcdom_volume_prev_160,1522.0
698,high_prev_104,1522.5
699,low_prev_248,1523.0
700,btcdom_open_prev_228,1524.5
701,low_prev_68,1525.5
702,stoch_diff_prev_52,1526.5
703,btcdom_low_prev_12,1527.0
704,high_prev_192,1527.0
705,low_prev_172,1528.0
706,rsi_prev_136,1529.5
707,linear_reg_prev_20,1531.0
708,btcdom_close_prev_16,1531.0
709,low_prev_100,1531.5
710,stoch_slowk_prev_172,1532.5
711,stoch_diff_prev_204,1533.0
712,stoch_slowk_prev_24,1535.0
713,linear_reg_prev_140,1535.0
714,btcdom_high_prev_220,1535.0
715,linear_reg_prev_4,1535.0
716,btcdom_high_prev_8,1536.5
717,macdsignal_prev_208,1537.0
718,btcdom_low_prev_244,1541.5
719,close_prev_124,1543.5
720,rsi_prev_232,1543.5
721,btcdom_low_prev_232,1547.0
722,stoch_slowk_prev_260,1549.5
723,close_prev_208,1550.5
724,linear_reg_angle_prev_168,1550.5
725,linear_reg_angle_prev_240,1552.0
726,volume_prev_100,1554.0
727,btcdom_close_prev_272,1555.5
728,low_prev_76,1555.5
729,stoch_diff_prev_96,1560.5
730,linear_reg_angle_prev_200,1561.5
731,stoch_diff_prev_8,1565.0
732,atr_prev_96,1565.5
733,stoch_diff_prev_120,1566.0
734,btcdom_open_prev_140,1566.5
735,btcd_high_prev_120,1566.5
736,low_prev_92,1567.5
737,btcdom_high_prev_140,1568.5
738,stoch_diff_prev_56,1569.0
739,rsi_prev_36,1571.0
740,btcd_close_prev_96,1571.5
741,macdhist_prev_52,1573.0
742,btcdom_low_prev_200,1573.0
743,atr_prev_84,1574.0
744,btcdom_high_prev_144,1576.5
745,macdhist_prev_152,1577.5
746,btcdom_high_prev_92,1577.5
747,btcdom_low_prev_92,1579.5
748,btcdom_open_prev_268,1580.0
749,stoch_slowd_prev_156,1581.0
750,stoch_slowk_prev_32,1582.0
751,btcdom_high_prev_256,1582.5
752,linear_reg_prev_220,1583.0
753,btcdom_close_prev_256,1583.5
754,high_prev_136,1584.5
755,macdsignal_prev_96,1586.0
756,low_prev_252,1586.5
757,btcdom_high_prev_232,1588.5
758,btcdom_open_prev_208,1590.5
759,high_prev_224,1591.0
760,volume_prev_64,1591.5
761,stoch_slowd_prev_20,1592.0
762,macd_prev_40,1592.0
763,btcdom_high_prev_52,1593.5
764,stoch_slowk_prev_156,1594.0
765,btcdom_low_prev_64,1594.5
766,btcd_close_prev_72,1595.0
767,close_prev_64,1595.5
768,close_prev_72,1595.5
769,btcdom_high_prev_104,1595.5
770,btcdom_open_prev_144,1597.5
771,volume_prev_176,1598.5
772,atr_prev_40,1599.0
773,rsi_prev_216,1601.5
774,btcd_open_prev_192,1603.5
775,stoch_slowk_prev_132,1604.0
776,volume_prev_20,1606.0
777,btcdom_close_prev_28,1606.0
778,stoch_slowd_prev_80,1607.0
779,linear_reg_prev_168,1607.5
780,close_prev_16,1608.0
781,linear_reg_prev_152,1610.0
782,linear_reg_prev_76,1611.0
783,low_prev_156,1614.0
784,btcdom_low_prev_236,1614.5
785,volume_prev_116,1617.5
786,high_prev_212,1618.0
787,stoch_diff_prev_236,1618.0
788,stoch_diff_prev_36,1618.5
789,btcdom_open_prev_180,1619.5
790,low_prev_132,1620.5
791,funding_rate_prev_104,1621.0
792,btcdom_open_prev_100,1621.5
793,stoch_slowd_prev_96,1621.5
794,btcdom_high_prev_36,1622.5
795,high_prev_148,1623.5
796,linear_reg_angle_prev_156,1624.5
797,close_prev_68,1625.5
798,btcdom_close_prev_52,1627.0
799,btcd_close_prev_48,1627.5
800,btcdom_open_prev_88,1628.5
801,atr_prev_136,1628.5
802,linear_reg_prev_132,1630.5
803,btcdom_high_prev_60,1631.5
804,stoch_slowk_prev_224,1631.5
805,rsi_prev_20,1633.0
806,volume_prev_204,1633.0
807,high_prev_124,1634.0
808,stoch_slowk_prev_4,1634.0
809,linear_reg_prev_176,1636.0
810,stoch_slowd_prev_236,1636.0
811,atr_prev_160,1639.0
812,high_prev_8,1639.5
813,low_prev_140,1639.5
814,stoch_slowd_prev_268,1640.0
815,linear_reg_angle_prev_180,1640.5
816,low_prev_124,1643.5
817,stoch_slowk_prev_184,1644.5
818,btcdom_open_prev_112,1645.5
819,macdhist_prev_176,1646.0
820,stoch_slowk_prev_100,1649.0
821,stoch_slowk_prev_160,1650.5
822,atr_prev_108,1654.0
823,volume_prev_232,1656.5
824,stoch_slowd_prev_200,1657.0
825,atr_prev_264,1657.0
826,close_prev_228,1657.0
827,atr_prev_272,1658.0
828,linear_reg_prev_260,1659.0
829,rsi_prev_48,1659.0
830,btcdom_low_prev_128,1659.5
831,macdhist_prev_8,1660.5
832,atr_prev_220,1661.0
833,btcdom_high_prev_164,1663.5
834,rsi_prev_200,1664.0
835,macdhist_prev_180,1664.0
836,stoch_diff_prev_188,1665.0
837,atr_prev_268,1665.5
838,close_prev_256,1666.0
839,macdsignal_prev_44,1666.5
840,stoch_slowk_prev_200,1667.0
841,btcd_open_prev_24,1668.0
842,btcd_low_prev_120,1668.5
843,close_prev_240,1670.0
844,btcdom_low_prev_136,1670.5
845,btcdom_open_prev_116,1670.5
846,low_prev_48,1671.0
847,open_prev_96,1672.0
848,volume_prev_76,1672.0
849,btcdom_open_prev_156,1672.5
850,rsi_prev_188,1672.5
851,btcdom_low_prev_96,1673.5
852,macdhist_prev_12,1675.0
853,btcdom_low_prev_248,1676.0
854,macdsignal_prev_128,1676.0
855,linear_reg_angle_prev_36,1676.5
856,open_prev_120,1677.0
857,stoch_diff_prev_132,1677.5
858,linear_reg_prev_40,1679.0
859,macdhist_prev_120,1679.5
860,btcdom_high_prev_200,1680.0
861,macdsignal_prev_52,1682.0
862,btcd_close_prev_168,1682.5
863,macdhist_prev_64,1683.5
864,btcdom_close_prev_168,1686.0
865,btcdom_low_prev_180,1686.0
866,btcdom_high_prev_128,1686.5
867,macdhist_prev_44,1687.5
868,macd_prev_64,1690.0
869,macd_prev_88,1692.0
870,low_prev_160,1692.0
871,stoch_slowd_prev_84,1693.0
872,volume_prev_172,1693.5
873,macdsignal_prev_132,1697.0
874,macdsignal_prev_60,1697.0
875,close_prev_244,1697.0
876,btcdom_low_prev_132,1697.5
877,btcdom_open_prev_104,1697.5
878,macdsignal_prev_216,1698.0
879,btcdom_close_prev_264,1699.5
880,volume_prev_104,1700.0
881,funding_rate_prev_16,1701.0
882,macd_prev_208,1701.0
883,btcdom_high_prev_188,1701.5
884,btcd_close_prev_120,1704.0
885,atr_prev_48,1707.0
886,btcdom_low_prev_140,1708.0
887,linear_reg_angle_prev_252,1709.0
888,macd_prev_256,1709.5
889,macd_prev_260,1711.5
890,btcdom_open_prev_216,1712.0
891,volume_prev_144,1712.5
892,high_prev_204,1714.5
893,high_prev_116,1719.5
894,linear_reg_prev_216,1721.5
895,stoch_diff_prev_60,1722.0
896,linear_reg_angle_prev_164,1722.0
897,atr_prev_172,1722.5
898,high_prev_208,1722.5
899,atr_prev_256,1722.5
900,atr_prev_208,1723.0
901,stoch_slowk_prev_204,1723.5
902,btcdom_low_prev_8,1723.5
903,linear_reg_prev_212,1724.5
904,btcdom_high_prev_100,1725.0
905,macdhist_prev_60,1726.5
906,macd_prev_252,1729.0
907,atr_prev_24,1729.0
908,macdhist_prev_232,1729.0
909,linear_reg_prev_180,1730.0
910,linear_reg_angle_prev_24,1730.0
911,btcdom_open_prev_84,1730.5
912,funding_rate_prev_176,1731.5
913,linear_reg_prev_56,1732.0
914,linear_reg_angle_prev_136,1732.0
915,btcdom_low_prev_108,1734.5
916,volume_prev_156,1735.0
917,btcdom_open_prev_148,1735.5
918,btcd_close_prev_24,1736.0
919,high_prev_88,1736.0
920,btcdom_low_prev_196,1736.5
921,macdhist_prev_216,1736.5
922,open_prev_264,1738.0
923,btcdom_high_prev_216,1738.5
924,btcdom_high_prev_228,1738.5
925,stoch_slowd_prev_168,1740.5
926,btcdom_close_prev_172,1740.5
927,high_prev_96,1741.0
928,btcdom_high_prev_244,1741.0
929,high_prev_272,1741.5
930,stoch_diff_prev_196,1741.5
931,low_prev_80,1743.5
932,high_prev_128,1743.5
933,macdhist_prev_188,1744.5
934,stoch_diff_prev_156,1745.5
935,btcd_close_prev_192,1749.0
936,btcdom_low_prev_144,1749.5
937,atr_prev_20,1751.0
938,stoch_diff_prev_168,1751.0
939,btcdom_close_prev_184,1751.5
940,btcdom_high,1753.0
941,atr_prev_196,1754.0
942,btcd_high_prev_48,1756.0
943,btcdom_open_prev_232,1756.5
944,stoch_slowk_prev_148,1758.5
945,stoch_slowk_prev_212,1758.5
946,volume_prev_236,1759.0
947,btcdom_close_prev_88,1759.5
948,btcdom_open_prev_236,1761.0
949,linear_reg_angle_prev_176,1761.5
950,stoch_slowk_prev_88,1762.0
951,btcdom_low_prev_168,1765.5
952,high_prev_264,1765.5
953,close_prev_272,1765.5
954,btcdom_low_prev_116,1765.5
955,btcdom_high_prev_16,1766.5
956,btcdom_open_prev_4,1768.5
957,macd_prev_32,1769.5
958,btcdom_high_prev_108,1770.5
959,stoch_diff_prev_172,1773.5
960,macdsignal_prev_264,1773.5
961,btcdom_open_prev_28,1774.0
962,macdhist_prev_100,1774.5
963,stoch_diff_prev_224,1775.0
964,rsi_prev_156,1775.0
965,close_prev_104,1775.5
966,btcdom_low_prev_76,1778.5
967,high_prev_172,1778.5
968,macd_prev_132,1779.0
969,stoch_slowd_prev_240,1781.5
970,macd_prev_156,1783.0
971,rsi_prev_124,1785.0
972,stoch_diff_prev_248,1785.0
973,btcdom_high_prev_80,1785.5
974,btcdom_low_prev_112,1786.5
975,stoch_slowk_prev_264,1787.0
976,stoch_slowd_prev_196,1792.0
977,atr_prev_204,1792.0
978,btcdom_high_prev_156,1792.5
979,volume_prev_96,1793.5
980,stoch_slowd_prev_264,1794.0
981,btcdom_low_prev_224,1794.5
982,stoch_slowd_prev_188,1794.5
983,linear_reg_prev_164,1798.5
984,stoch_diff_prev_240,1799.0
985,stoch_diff_prev_184,1799.5
986,btcdom_low_prev_100,1801.5
987,btcdom_close_prev_72,1804.5
988,volume_prev_212,1805.0
989,stoch_slowd_prev_180,1807.5
990,stoch_slowk_prev_52,1808.0
991,linear_reg_prev_200,1810.0
992,btcdom_low_prev_228,1810.0
993,macdsignal_prev_172,1811.0
994,open_prev_240,1814.5
995,high_prev_152,1814.5
996,macd_prev_28,1815.0
997,volume_prev_148,1815.0
998,btcdom_high_prev_176,1816.5
999,linear_reg_angle_prev_68,1817.0
1000,close_prev_176,1817.5
1001,high_prev_12,1817.5
1002,low_prev_56,1818.5
1003,macdsignal_prev_140,1820.0
1004,btcdom_open_prev_80,1820.5
1005,macdsignal_prev_224,1821.0
1006,btcdom_open_prev_136,1821.5
1007,btcdom_open_prev_212,1821.5
1008,linear_reg_angle_prev_88,1825.5
1009,linear_reg_angle_prev_148,1827.5
1010,btcdom_open_prev_204,1827.5
1011,btcdom_high_prev_68,1828.5
1012,volume_prev_252,1829.0
1013,btcdom_close_prev_60,1830.5
1014,macdsignal_prev_56,1831.0
1015,btcdom_high_prev_236,1832.0
1016,stoch_diff_prev_228,1833.5
1017,funding_rate_prev_24,1835.5
1018,macdsignal_prev_36,1838.0
1019,btcdom_high_prev_196,1840.0
1020,macdhist_prev_236,1840.5
1021,btcdom_open_prev_196,1841.5
1022,linear_reg_prev_80,1841.5
1023,btcdom_high_prev_172,1843.0
1024,atr_prev_192,1843.5
1025,macdsignal_prev_84,1843.5
1026,macd,1844.5
1027,close_prev_80,1848.0
1028,macdhist_prev_80,1848.5
1029,btcdom_high_prev_180,1849.5
1030,btcdom_low_prev_120,1854.5
1031,macd_prev_168,1855.0
1032,volume_prev_160,1856.0
1033,low_prev_268,1856.0
1034,high_prev_100,1857.5
1035,linear_reg_angle_prev_40,1857.5
1036,funding_rate_prev_256,1858.0
1037,btcdom_high_prev_124,1858.0
1038,volume_prev_184,1858.5
1039,macdsignal_prev_152,1859.0
1040,btcdom_low_prev_252,1860.5
1041,macd_prev_220,1860.5
1042,macdhist_prev_104,1861.0
1043,btcdom_high_prev_40,1862.0
1044,funding_rate_prev_32,1863.5
1045,macd_prev_128,1865.5
1046,btcdom_low_prev_80,1867.5
1047,btcdom_low_prev_204,1867.5
1048,btcdom_open_prev_92,1868.5
1049,btcdom_low_prev_104,1869.5
1050,btcdom_close_prev_144,1870.5
1051,linear_reg_prev_84,1872.0
1052,high_prev_228,1873.5
1053,atr_prev_224,1875.0
1054,macd_prev_188,1875.0
1055,linear_reg_angle_prev_52,1876.0
1056,btcdom_close_prev_268,1876.0
1057,macd_prev_104,1876.5
1058,btcdom_high_prev_64,1877.5
1059,macdsignal_prev_256,1877.5
1060,btcdom_open_prev_20,1878.5
1061,funding_rate_prev_120,1879.5
1062,linear_reg_prev_240,1879.5
1063,linear_reg_prev_148,1880.5
1064,btcdom_open_prev_124,1884.5
1065,macd_prev_52,1886.0
1066,stoch_diff_prev_152,1887.0
1067,macdhist_prev_112,1888.5
1068,btcdom_low_prev_160,1888.5
1069,stoch_diff_prev_220,1889.5
1070,low_prev_244,1890.0
1071,btcdom_high_prev_20,1893.0
1072,linear_reg_angle_prev_84,1896.5
1073,btcdom_high_prev_152,1897.5
1074,volume_prev_228,1899.0
1075,btcdom_open_prev_168,1900.0
1076,volume_prev_24,1901.0
1077,volume_prev_272,1902.0
1078,linear_reg_angle_prev_216,1903.5
1079,high_prev_140,1910.5
1080,macdhist_prev_268,1911.0
1081,funding_rate_prev_240,1912.0
1082,linear_reg_prev_160,1913.5
1083,macdhist_prev_264,1914.5
1084,atr_prev_128,1917.0
1085,btcdom_close_prev_116,1917.5
1086,stoch_slowd_prev_28,1918.5
1087,btcd_low_prev_48,1922.0
1088,btcdom_open_prev_164,1923.5
1089,macd_prev_20,1923.5
1090,btcdom_close_prev_44,1923.5
1091,btcdom_low_prev_220,1924.5
1092,atr_prev_36,1925.0
1093,rsi_prev_84,1925.5
1094,linear_reg_prev_28,1927.5
1095,macdhist_prev_144,1927.5
1096,high_prev_40,1929.0
1097,stoch_slowk_prev_192,1932.0
1098,low_prev_188,1932.5
1099,macdhist_prev_24,1933.5
1100,stoch_slowd_prev_216,1934.0
1101,linear_reg_angle_prev_112,1934.0
1102,btcdom_low_prev_124,1934.5
1103,btcdom_close_prev_120,1934.5
1104,macdhist_prev_156,1935.0
1105,low_prev_228,1936.5
1106,btcdom_open_prev_76,1936.5
1107,btcdom_high_prev_132,1937.5
1108,macdsignal_prev_12,1940.0
1109,macdsignal_prev_212,1940.0
1110,macdhist_prev_244,1940.5
1111,btcdom_high_prev_116,1941.5
1112,high_prev_180,1942.0
1113,macdsignal_prev_268,1942.5
1114,macdsignal_prev_248,1942.5
1115,btcdom_close_prev_56,1943.0
1116,linear_reg_angle_prev_268,1944.5
1117,btcdom_close_prev_156,1947.5
1118,btcdom_low_prev_148,1950.5
1119,macdsignal_prev_8,1950.5
1120,stoch_slowk_prev_180,1951.5
1121,btcd_close_prev_216,1952.0
1122,volume_prev_260,1953.0
1123,linear_reg_prev_64,1953.5
1124,stoch_slowd_prev_192,1955.5
1125,volume_prev_28,1955.5
1126,btcd_low_prev_144,1956.0
1127,low_prev_176,1956.5
1128,stoch_diff_prev_16,1957.5
1129,btcdom_open_prev_108,1957.5
1130,close_prev_252,1958.5
1131,atr_prev_216,1962.0
1132,high_prev_44,1962.5
1133,linear_reg_prev_232,1962.5
1134,atr_prev_144,1965.5
1135,macdsignal_prev_100,1966.5
1136,atr_prev_116,1967.0
1137,macdsignal_prev_196,1974.5
1138,stoch_diff_prev_256,1974.5
1139,linear_reg_prev_116,1974.5
1140,btcdom_high_prev_84,1975.5
1141,macdsignal_prev_32,1975.5
1142,macd_prev_68,1976.0
1143,macdsignal_prev_4,1977.5
1144,btcdom_high_prev_112,1978.5
1145,stoch_diff_prev_260,1979.0
1146,macdsignal_prev_64,1980.5
1147,macdsignal_prev_272,1981.5
1148,macd_prev_164,1983.5
1149,macd_prev_228,1984.5
1150,btcdom_high_prev_204,1984.5
1151,btcdom_open_prev_128,1985.5
1152,linear_reg_prev_204,1986.5
1153,btcdom_high_prev_96,1986.5
1154,volume_prev_16,1986.5
1155,macd_prev_184,1987.5
1156,stoch_diff_prev_176,1989.0
1157,macdhist_prev_204,1989.0
1158,stoch_slowk_prev_248,1989.5
1159,macd_prev_84,1989.5
1160,linear_reg_prev_228,1989.5
1161,linear_reg_prev_88,1990.0
1162,rsi_prev_152,1990.0
1163,volume_prev_168,1990.5
1164,macdhist_prev_124,1991.5
1165,btcdom_close_prev_204,1991.5
1166,btcdom_close_prev_108,1992.5
1167,atr_prev_68,1993.0
1168,btcdom_close_prev_220,1993.5
1169,funding_rate_prev_112,1995.5
1170,stoch_slowd_prev_172,1995.5
1171,btcdom_close_prev_180,1998.5
1172,linear_reg_prev_184,1999.5
1173,btcdom_close_prev_24,2000.5
1174,macd_prev_96,2001.0
1175,btcdom_close_prev_112,2001.5
1176,stoch_slowd_prev_252,2002.5
1177,close_prev_200,2003.0
1178,macd_prev_200,2004.0
1179,stoch_slowd_prev_228,2004.5
1180,volume_prev_48,2004.5
1181,btcdom_low_prev_28,2005.5
1182,stoch_slowd_prev_24,2006.5
1183,stoch_slowd_prev_44,2007.5
1184,macdsignal_prev_72,2007.5
1185,linear_reg_prev_124,2008.0
1186,macd_prev_232,2008.5
1187,macdsignal_prev_180,2010.5
1188,stoch_slowk_prev_164,2010.5
1189,funding_rate_prev_264,2010.5
1190,btcdom_low_prev_36,2014.0
1191,linear_reg_angle_prev_204,2015.5
1192,btcdom_low_prev_68,2015.5
1193,macdsignal,2015.5
1194,btcdom_close_prev_124,2018.5
1195,btcdom_close_prev_232,2019.0
1196,btcdom_close_prev_236,2019.5
1197,btcdom_high_prev_12,2020.0
1198,macdsignal_prev_240,2020.0
1199,volume_prev_12,2020.0
1200,macd_prev_136,2021.5
1201,linear_reg_angle_prev_60,2023.0
1202,macd_prev_48,2023.5
1203,macd_prev_180,2025.5
1204,btcdom_high_prev_264,2027.0
1205,btcdom_close_prev_132,2029.5
1206,macd_prev_24,2031.5
1207,linear_reg_angle_prev_12,2032.0
1208,volume_prev_108,2032.0
1209,high_prev_16,2033.0
1210,linear_reg_prev_236,2033.5
1211,btcdom_open_prev_132,2034.5
1212,btcdom_open_prev_172,2034.5
1213,btcdom_close_prev_152,2035.5
1214,stoch_slowd_prev_12,2036.0
1215,macdsignal_prev_104,2036.5
1216,linear_reg_prev_252,2039.0
1217,btcdom_high_prev_136,2039.5
1218,btcdom_close_prev_104,2039.5
1219,btcdom_open_prev_160,2040.5
1220,btcdom_close_prev_80,2041.5
1221,macdhist_prev_192,2042.5
1222,macd_prev_264,2044.0
1223,stoch_diff_prev_68,2045.5
1224,low_prev_204,2046.0
1225,btcdom_close_prev_224,2046.0
1226,macdsignal_prev_188,2047.0
1227,btcdom_close_prev_136,2047.5
1228,volume_prev_164,2049.0
1229,btcdom_close_prev_36,2051.5
1230,btcdom_open_prev_36,2052.0
1231,macd_prev_144,2052.5
1232,btcdom_close_prev_92,2053.5
1233,linear_reg_prev_196,2054.0
1234,btcdom_open_prev_96,2054.5
1235,low_prev_52,2055.0
1236,btcd_close_prev_144,2056.0
1237,btcdom_open_prev_72,2056.0
1238,stoch_diff_prev_244,2060.0
1239,linear_reg_angle_prev_44,2063.0
1240,funding_rate_prev_144,2064.5
1241,btcdom_close_prev_68,2064.5
1242,btcdom_low_prev_84,2066.5
1243,macdsignal_prev_24,2067.0
1244,btcdom_close_prev_48,2069.0
1245,macdsignal_prev_148,2069.5
1246,linear_reg_angle_prev_140,2070.0
1247,macdsignal_prev_124,2070.5
1248,funding_rate_prev_208,2074.5
1249,btcdom_close_prev_128,2074.5
1250,macdhist_prev_260,2075.5
1251,macd_prev_72,2076.5
1252,funding_rate_prev_152,2077.5
1253,macdhist_prev_40,2077.5
1254,macd_prev_212,2077.5
1255,macdsignal_prev_184,2078.0
1256,macd_prev_192,2079.0
1257,macdhist_prev_128,2080.0
1258,macdhist,2084.5
1259,btcdom_close_prev_192,2086.5
1260,macdhist_prev_136,2088.0
1261,atr_prev_168,2088.0
1262,btcdom_close_prev_216,2088.5
1263,linear_reg_angle_prev_32,2089.0
1264,macdsignal_prev_164,2089.5
1265,btcdom_close_prev_64,2089.5
1266,btcdom_close_prev_148,2089.5
1267,btcdom_close_prev_176,2090.5
1268,linear_reg_prev_36,2091.0
1269,btcdom_close_prev_164,2092.5
1270,atr_prev_236,2092.5
1271,funding_rate_prev_136,2093.5
1272,btcdom_close_prev_200,2093.5
1273,linear_reg_prev_264,2094.0
1274,macdhist_prev_228,2094.5
1275,macdsignal_prev_20,2095.5
1276,linear_reg_angle_prev_248,2095.5
1277,btcdom_open_prev_60,2096.0
1278,funding_rate_prev_96,2096.5
1279,btcdom_close_prev_100,2096.5
1280,funding_rate_prev_200,2096.5
1281,macdsignal_prev_28,2096.5
1282,btcdom_close_prev_160,2097.5
1283,btcdom_close_prev_212,2097.5
1284,macd_prev_160,2098.5
1285,stoch_slowk_prev_36,2099.5
1286,btcdom_low_prev_176,2100.0
1287,macdhist_prev_92,2102.0
1288,macdsignal_prev_88,2103.0
1289,macd_prev_148,2103.0
1290,btcdom_close_prev_84,2104.5
1291,btcdom_close_prev_40,2104.5
1292,macdsignal_prev_160,2105.5
1293,stoch_slowk_prev_76,2107.0
1294,macdhist_prev_168,2108.0
1295,macdsignal_prev_16,2110.0
1296,funding_rate_prev_80,2111.5
1297,macdsignal_prev_176,2113.5
1298,stoch_slowd_prev_232,2114.0
1299,macd_prev_12,2114.5
1300,volume_prev_40,2114.5
1301,macdhist_prev_132,2117.5
1302,funding_rate_prev_184,2118.5
1303,funding_rate_prev_216,2118.5
1304,btcdom_open_prev_12,2119.0
1305,linear_reg_angle_prev_100,2119.5
1306,btcdom_close_prev_140,2119.5
1307,funding_rate_prev_8,2120.5
1308,macdsignal_prev_120,2120.5
1309,linear_reg_angle_prev_272,2121.5
1310,funding_rate_prev_56,2128.5
1311,funding_rate_prev_168,2130.5
1312,macdhist_prev_184,2133.0
1313,macdhist_prev_76,2135.5
1314,macdhist_prev_16,2136.0
1315,linear_reg_angle_prev_212,2139.0
1316,macd_prev_80,2140.0
1317,linear_reg_prev_256,2143.5
1318,macd_prev_116,2144.0
1319,atr_prev_12,2144.5
1320,macdsignal_prev_220,2146.0
1321,atr_prev_228,2147.5
1322,btcdom_high_prev_120,2151.0
1323,macdsignal_prev_136,2152.0
1324,macdhist_prev_108,2152.0
1325,macdhist_prev_196,2157.0
1326,linear_reg_prev_8,2157.0
1327,macdhist_prev_68,2158.0
1328,macdsignal_prev_80,2160.0
1329,btcdom_open_prev_24,2161.0
1330,macdsignal_prev_260,2174.0
1331,linear_reg_prev_244,2175.0
1332,linear_reg_angle_prev_228,2179.5
1333,macdsignal_prev_156,2184.0
1334,linear_reg_angle_prev_244,2184.0
1335,macd_prev_152,2187.0
1336,btcdom_low_prev_48,2188.0
1337,btcdom_open_prev_64,2190.0
1338,macd_prev_224,2194.0
1339,macdsignal_prev_116,2194.5
1340,linear_reg_angle_prev_144,2195.5
1341,linear_reg_prev_108,2196.0
1342,linear_reg_prev_52,2197.0
1343,stoch_slowk_prev_96,2199.0
1344,btcdom_open_prev_192,2204.0
1345,macd_prev_196,2205.0
1346,macd_prev_112,2208.0
1347,macdhist_prev_160,2213.0
1348,btcdom_low_prev_156,2214.0
1349,linear_reg_prev_112,2217.0
1350,linear_reg_prev_136,2218.0
1351,btcdom_high_prev_44,2219.5
1352,linear_reg_angle_prev_220,2227.0
1353,btcdom_low_prev_272,2227.0
1354,volume_prev_128,2231.0
1355,macdhist_prev_116,2233.0
1356,linear_reg_prev_248,2235.5
1357,btcdom_close_prev_32,2241.0
1358,volume_prev_192,2248.0
1359,linear_reg,2250.5
1360,linear_reg_angle_prev_196,2253.5
1361,macdsignal_prev_252,2257.0
1362,macdsignal_prev_244,2258.0
1363,macdhist_prev_148,2267.0
1364,macd_prev_108,2271.0
1365,volume_prev_188,2271.5
1366,btcdom_high_prev_72,2276.5
1367,funding_rate,2278.0
1368,macdsignal_prev_68,2279.0
1369,linear_reg_angle_prev_184,2283.0
1370,funding_rate_prev_72,2283.0
1371,macdhist_prev_56,2285.5
1372,macdhist_prev_200,2289.5
1373,macd_prev_216,2290.5
1374,macd_prev_76,2295.5
1375,macdsignal_prev_168,2296.0
1376,macd_prev_140,2298.5
1377,macdsignal_prev_144,2299.0
1378,btcdom_open_prev_152,2302.0
1379,funding_rate_prev_88,2306.0
1380,macdsignal_prev_48,2307.0
1381,macdsignal_prev_40,2310.0
1382,macdsignal_prev_108,2315.5
1383,linear_reg_prev_192,2315.5
1384,funding_rate_prev_248,2323.0
1385,linear_reg_angle_prev_76,2323.5
1386,linear_reg_prev_156,2325.0
1387,funding_rate_prev_192,2327.0
1388,macdhist_prev_84,2333.5
1389,macd_prev_120,2339.5
1390,macdsignal_prev_228,2340.5
1391,btcdom_high_prev_160,2342.5
1392,linear_reg_prev_144,2344.0
1393,macdsignal_prev_236,2348.5
1394,linear_reg_prev_16,2370.0
1395,macd_prev_36,2377.0
1396,linear_reg_prev_60,2377.5
1397,btcdom_open_prev_120,2379.0
1398,macd_prev_176,2382.5
1399,funding_rate_prev_64,2384.0
1400,btcdom_open_prev_32,2388.5
1401,volume_prev_60,2397.0
1402,macdhist_prev_164,2412.0
1403,macd_prev_204,2417.0
1404,macdhist_prev_48,2434.5
1405,funding_rate_prev_272,2436.5
1406,macd_prev_248,2436.5
1407,macdhist_prev_88,2458.5
1408,funding_rate_prev_160,2460.0
1409,btcdom_high_prev_24,2462.5
1410,btcdom_close_prev_8,2487.5
1411,linear_reg_prev_172,2495.5
1412,linear_reg_prev_188,2500.5
1413,linear_reg_prev_128,2502.5
1414,macdhist_prev_252,2528.5
1415,linear_reg_prev_12,2540.5
1416,linear_reg_prev_24,2545.5
1417,macdsignal_prev_76,2556.5
