Feature,rank
btcd_volume_prev_192,23.0
btcdom_volume_prev_20,106.0
btcdom_volume_prev_160,483.0
btcd_volume_prev_264,833.5
btcdom_volume_prev_28,836.5
cci,848.5
btcdom_volume_prev_72,858.5
btcdom_high,877.5
btcdom_volume,883.5
btcdom_volume_prev_84,884.5
btcdom_volume_prev_228,891.5
btcdom_volume_prev_24,897.5
weekday,898.5
btcdom_volume_prev_180,900.5
btcdom_volume_prev_260,905.5
btcdom_volume_prev_104,912.5
btcdom_volume_prev_156,922.5
btcdom_volume_prev_36,934.5
close_prev_88,948.5
btcdom_volume_prev_56,970.5
btcdom_volume_prev_236,974.5
close_prev_272,976.5
btcdom_volume_prev_224,985.5
btcdom_volume_prev_216,985.5
low_prev_104,993.5
linear_reg_angle,995.5
cci_prev_140,999.5
cci_prev_112,999.5
btcdom_volume_prev_60,1002.5
btcd_volume_prev_96,1004.5
rsi_prev_272,1004.5
cci_prev_8,1010.5
stoch_slowd_prev_260,1011.5
low,1013.5
cci_prev_12,1027.5
close_prev_108,1027.5
stoch_slowd_prev_40,1028.5
btcdom_volume_prev_68,1038.5
btcdom_volume_prev_32,1039.5
rsi_prev_24,1044.5
open_prev_24,1047.5
close_prev_56,1063.5
low_prev_124,1080.5
open_prev_48,1086.5
rsi_prev_112,1090.5
stoch_diff_prev_228,1098.5
cci_prev_116,1105.5
cci_prev_160,1106.5
cci_prev_60,1107.5
close_prev_100,1110.5
atr_prev_88,1110.5
low_prev_44,1111.5
low_prev_224,1111.5
btcdom_volume_prev_76,1122.5
btcdom_low_prev_272,1124.5
atr_prev_16,1126.5
low_prev_260,1134.5
low_prev_76,1138.5
close_prev_12,1153.5
low_prev_96,1164.5
low_prev_84,1167.5
atr_prev_212,1169.5
low_prev_208,1170.5
high_prev_116,1171.5
cci_prev_168,1175.5
low_prev_252,1181.5
close_prev_60,1181.5
linear_reg_angle_prev_4,1181.5
cci_prev_28,1181.5
stoch_diff_prev_180,1186.5
open_prev_168,1186.5
close_prev_4,1186.5
stoch_slowd_prev_224,1188.5
stoch_slowd_prev_268,1190.5
atr_prev_148,1191.5
atr_prev_224,1191.5
close_prev_176,1202.5
close_prev_148,1202.5
rsi_prev_56,1214.5
high_prev_32,1219.5
btcd_volume_prev_216,1219.5
btcdom_high_prev_28,1219.5
stoch_slowk_prev_224,1227.5
stoch_diff_prev_164,1230.5
cci_prev_208,1236.5
stoch_diff_prev_92,1243.5
stoch_slowd_prev_256,1245.5
cci_prev_44,1251.5
low_prev_160,1252.5
btcdom_volume_prev_92,1254.5
stoch_diff_prev_252,1254.5
stoch_slowk_prev_172,1255.5
stoch_slowd_prev_264,1257.5
atr_prev_52,1257.5
stoch_slowk_prev_136,1258.5
rsi_prev_220,1259.5
stoch_diff_prev_132,1263.5
stoch_slowk_prev_264,1269.5
stoch_diff_prev_272,1271.5
rsi_prev_164,1274.5
stoch_diff,1274.5
rsi_prev_132,1276.5
stoch_diff_prev_172,1277.5
low_prev_88,1282.5
rsi_prev_156,1291.5
stoch_diff_prev_124,1293.5
rsi_prev_144,1302.5
atr_prev_120,1304.5
atr_prev_268,1308.5
stoch_slowk_prev_52,1308.5
btcd_low_prev_216,1309.0
stoch_slowd_prev_56,1312.5
stoch_diff_prev_196,1317.5
close_prev_152,1318.5
stoch_diff_prev_120,1319.5
low_prev_256,1320.5
low_prev_32,1320.5
high_prev_144,1325.5
rsi_prev_212,1327.5
low_prev_264,1327.5
cci_prev_240,1328.5
high_prev_244,1328.5
rsi_prev_16,1330.5
low_prev_24,1331.5
atr_prev_108,1335.5
btcd_volume_prev_24,1344.0
btcd_low_prev_48,1347.5
low_prev_176,1348.5
atr_prev_32,1349.5
stoch_slowk_prev_116,1350.5
cci_prev_104,1354.5
stoch_slowd_prev_188,1356.5
close_prev_168,1359.5
close_prev_48,1359.5
close_prev_112,1369.5
stoch_slowk_prev_84,1370.5
cci_prev_204,1377.5
btcdom_volume_prev_172,1381.5
cci_prev_84,1382.5
stoch_diff_prev_24,1387.5
open_prev_120,1392.5
close_prev_268,1397.5
stoch_diff_prev_168,1397.5
rsi_prev_52,1398.5
atr_prev_92,1398.5
atr_prev_40,1401.5
close_prev_8,1403.5
low_prev_232,1407.5
close_prev_216,1411.5
stoch_diff_prev_224,1412.5
btcd_close_prev_24,1414.5
rsi_prev_256,1415.5
stoch_diff_prev_204,1416.5
rsi_prev_176,1424.5
open_prev_144,1431.5
stoch_slowk_prev_256,1433.5
stoch_slowk_prev_60,1433.5
stoch_slowk_prev_36,1439.5
stoch_diff_prev_212,1439.5
stoch_diff_prev_44,1445.5
rsi_prev_76,1446.5
high_prev_88,1448.5
low_prev_168,1452.5
low_prev_80,1453.5
high_prev_84,1458.5
high_prev_52,1458.5
btcdom_open_prev_16,1459.5
linear_reg_angle_prev_16,1468.5
btcdom_volume_prev_112,1470.0
atr_prev_128,1471.5
atr_prev_176,1479.5
rsi_prev_236,1483.5
cci_prev_96,1486.5
close_prev_180,1500.5
btcd_high_prev_264,1504.0
cci_prev_108,1504.5
stoch_slowd_prev_236,1506.5
high_prev_168,1508.5
stoch_slowk_prev_112,1508.5
low_prev_236,1516.5
volume_prev_152,1522.5
cci_prev_136,1522.5
atr_prev_236,1524.5
high_prev_140,1526.5
close_prev_124,1530.5
cci_prev_120,1531.5
btcdom_open_prev_272,1533.0
rsi_prev_124,1536.5
high_prev_212,1537.5
stoch_diff_prev_4,1537.5
btcd_high_prev_192,1539.5
cci_prev_244,1545.5
btcdom_high_prev_16,1545.5
rsi_prev_188,1549.5
close_prev_136,1549.5
low_prev_116,1551.5
stoch_slowd_prev_116,1552.5
btcd_close,1557.0
close_prev_204,1564.5
rsi_prev_72,1566.5
rsi_prev_108,1566.5
high_prev_248,1566.5
stoch_slowk_prev_128,1569.5
high_prev_112,1569.5
btcd_high_prev_168,1570.5
high_prev_28,1570.5
open_prev_72,1580.5
low_prev_184,1583.5
low_prev_128,1583.5
btcdom_close,1586.0
atr_prev_116,1586.5
btcdom_volume_prev_44,1590.0
btcdom_volume_prev_40,1590.0
rsi_prev_64,1590.5
stoch_diff_prev_96,1590.5
btcd_open_prev_240,1591.0
high_prev_76,1594.5
btcd_open_prev_96,1601.0
stoch_slowd_prev_200,1601.5
atr_prev_208,1603.5
high_prev_60,1605.5
high_prev_148,1609.5
cci_prev_188,1610.5
btcd_high_prev_72,1611.0
rsi_prev_100,1613.5
high_prev_228,1613.5
low_prev_164,1614.5
atr_prev_160,1619.5
cci_prev_172,1619.5
high_prev_184,1621.5
atr_prev_256,1623.5
stoch_diff_prev_128,1624.5
rsi_prev_12,1626.5
stoch_slowd_prev_132,1628.5
stoch_slowd_prev_232,1631.5
btcdom_close_prev_188,1631.5
stoch_slowd_prev_228,1634.5
low_prev_212,1638.5
stoch_slowk_prev_176,1639.5
atr_prev_72,1639.5
rsi_prev_180,1642.5
rsi_prev_172,1646.5
stoch_slowd_prev_12,1651.5
atr_prev_64,1652.5
rsi_prev_88,1656.5
atr_prev_24,1658.5
volume_prev_28,1659.5
linear_reg_prev_272,1662.5
linear_reg_angle_prev_96,1667.5
high_prev_72,1667.5
stoch_slowk_prev_32,1668.5
stoch_slowk_prev_140,1669.5
close_prev_252,1671.5
stoch_slowd_prev_204,1672.5
close_prev_20,1673.5
linear_reg,1676.5
volume_prev_252,1676.5
rsi_prev_40,1678.5
stoch_diff_prev_232,1680.5
close_prev_220,1681.5
low_prev_136,1683.5
low_prev_156,1684.5
btcd_high,1687.0
stoch_slowk_prev_148,1689.5
stoch_slowk_prev_220,1690.5
low_prev_112,1691.5
cci_prev_144,1692.5
high_prev_36,1696.5
close_prev_84,1701.5
high_prev_104,1703.5
linear_reg_angle_prev_196,1710.5
volume_prev_224,1710.5
btcd_open_prev_264,1712.5
atr_prev_272,1715.5
stoch_slowd_prev_136,1716.5
btcdom_volume_prev_52,1716.5
stoch_diff_prev_268,1717.5
stoch_slowk_prev_160,1719.5
stoch_slowd_prev_140,1720.5
btcdom_low_prev_260,1720.5
stoch_slowk_prev_192,1724.5
btcdom_volume_prev_164,1725.5
low_prev_108,1727.5
stoch_slowd_prev_212,1727.5
stoch_diff_prev_104,1729.5
btcdom_volume_prev_144,1732.5
close_prev_236,1732.5
stoch_diff_prev_240,1733.5
volume_prev_140,1736.5
stoch_slowk_prev_72,1741.5
high_prev_160,1741.5
close_prev_144,1742.5
btcd_high_prev_24,1747.5
stoch_slowd_prev_32,1748.5
stoch_diff_prev_68,1748.5
close_prev_232,1748.5
stoch_diff_prev_264,1756.5
btcdom_low_prev_20,1756.5
btcdom_high_prev_268,1757.0
high_prev_8,1757.5
linear_reg_angle_prev_204,1762.5
high_prev_120,1762.5
linear_reg_angle_prev_180,1767.5
linear_reg_angle_prev_100,1768.5
stoch_slowd_prev_168,1768.5
close_prev_260,1772.5
cci_prev_48,1773.5
btcdom_volume_prev_168,1773.5
stoch_slowk_prev_232,1776.5
linear_reg_angle_prev_232,1780.5
atr_prev_252,1783.5
stoch_slowd_prev_64,1785.5
btcdom_high_prev_180,1796.5
high_prev_264,1796.5
stoch_slowk_prev_20,1797.5
stoch_diff_prev_48,1797.5
high_prev_16,1797.5
stoch_slowk_prev_56,1801.5
btcd_low_prev_72,1804.0
atr_prev_232,1804.5
atr_prev_152,1811.5
volume_prev_212,1818.5
cci_prev_36,1821.5
cci_prev_272,1824.5
stoch_slowk_prev_80,1825.5
btcdom_low_prev_8,1827.5
close_prev_224,1829.5
close_prev_128,1829.5
close_prev_104,1830.5
stoch_slowk_prev_24,1830.5
volume_prev_52,1833.5
btcd_volume_prev_48,1834.5
high_prev_236,1842.5
rsi_prev_192,1843.5
stoch_diff_prev_244,1846.5
btcd_volume_prev_72,1847.5
btcdom_open_prev_20,1848.5
stoch_slowd_prev_4,1848.5
stoch_slowd_prev_220,1851.5
stoch_slowk_prev_76,1852.5
btcd_open_prev_48,1853.0
rsi_prev_252,1854.5
atr_prev_200,1858.5
stoch_diff_prev_220,1861.5
btcd_low_prev_192,1863.5
close_prev_96,1868.5
low_prev_272,1869.5
volume_prev_56,1871.5
btcd_close_prev_216,1874.5
btcdom_low_prev_60,1874.5
low_prev_40,1877.5
btcdom_open,1880.5
stoch_slowd_prev_72,1885.5
btcdom_low_prev_188,1890.5
stoch_slowd_prev_156,1894.5
btcdom_volume_prev_64,1895.5
linear_reg_angle_prev_124,1898.5
stoch_slowk_prev_252,1899.5
stoch_slowk_prev_240,1900.5
stoch_diff_prev_248,1901.5
cci_prev_40,1902.5
btcdom_high_prev_64,1903.0
btcdom_low_prev_52,1903.5
funding_rate_prev_16,1905.5
rsi_prev_32,1905.5
linear_reg_angle_prev_220,1908.5
stoch_slowd_prev_60,1911.5
rsi,1921.5
btcd_low_prev_24,1922.0
high_prev_100,1922.5
linear_reg_angle_prev_160,1924.5
atr_prev_248,1928.5
linear_reg_angle_prev_60,1930.5
stoch_slowk_prev_4,1933.5
low_prev_140,1938.5
btcdom_volume_prev_248,1940.5
stoch_slowd_prev_244,1940.5
btcd_open_prev_216,1940.5
volume_prev_220,1943.5
volume_prev_232,1943.5
low_prev_12,1944.5
linear_reg_prev_156,1946.5
atr_prev_68,1948.5
linear_reg_angle_prev_24,1951.5
linear_reg_angle_prev_36,1952.5
stoch_slowd_prev_184,1954.5
btcd_high_prev_216,1955.0
rsi_prev_120,1955.5
high_prev_12,1958.5
btcdom_volume_prev_184,1959.5
linear_reg_angle_prev_32,1960.5
funding_rate_prev_72,1962.5
btcdom_low_prev_56,1965.0
linear_reg_angle_prev_28,1965.5
btcdom_open_prev_44,1966.0
stoch_diff_prev_8,1966.5
volume_prev_136,1966.5
open_prev_264,1969.5
funding_rate_prev_40,1970.5
volume_prev_200,1976.5
high_prev_176,1978.5
linear_reg_prev_248,1979.5
btcd_close_prev_48,1985.0
btcdom_open_prev_180,1988.5
cci_prev_212,1990.5
volume_prev_80,1990.5
linear_reg_prev_128,1991.5
high_prev_48,1993.5
atr_prev_216,1994.5
btcd_high_prev_240,1995.0
btcd_low_prev_120,1995.0
btcd_low_prev_264,1995.0
volume_prev_100,2001.5
high_prev_156,2002.5
macdhist_prev_192,2004.5
macd_prev_248,2011.5
stoch_diff_prev_72,2024.5
btcd_open,2028.0
btcdom_high_prev_164,2031.0
cci_prev_24,2031.5
high_prev_164,2034.5
btcdom_volume_prev_124,2035.5
macdhist_prev_100,2038.5
btcdom_high_prev_184,2041.0
volume_prev_120,2043.5
macd_prev_224,2043.5
volume_prev_216,2046.5
btcdom_volume_prev_240,2046.5
stoch_slowk_prev_8,2047.5
close_prev_264,2050.5
linear_reg_prev_228,2050.5
rsi_prev_200,2050.5
cci_prev_128,2052.5
close_prev_160,2053.5
btcd_low_prev_168,2057.0
open_prev_216,2059.5
high_prev_192,2061.5
stoch_slowk_prev_64,2063.5
stoch_slowd_prev_76,2063.5
low_prev_192,2063.5
linear_reg_angle_prev_80,2066.5
btcdom_close_prev_72,2072.0
stoch_diff_prev_100,2074.5
volume_prev_92,2076.5
stoch_slowd_prev_128,2079.5
volume_prev_68,2082.5
macd_prev_192,2084.5
linear_reg_prev_72,2084.5
stoch_diff_prev_260,2085.5
macdhist_prev_48,2089.5
btcdom_high_prev_104,2089.5
btcdom_high_prev_272,2091.0
macdhist_prev_224,2091.5
linear_reg_prev_4,2092.5
btcdom_close_prev_68,2095.0
cci_prev_92,2096.5
cci_prev_184,2100.5
rsi_prev_44,2100.5
volume_prev_84,2101.5
btcdom_close_prev_48,2102.0
rsi_prev_244,2103.0
funding_rate_prev_56,2106.0
volume_prev_192,2106.5
low_prev_72,2111.5
linear_reg_angle_prev_20,2114.5
btcd_open_prev_144,2114.5
macd_prev_100,2117.5
linear_reg_prev_200,2118.5
stoch_diff_prev_188,2123.5
stoch_slowd_prev_124,2124.5
btcdom_volume_prev_136,2124.5
btcdom_high_prev_8,2125.0
stoch_slowk_prev_244,2126.5
btcdom_high_prev_40,2127.0
volume_prev_184,2128.0
atr,2128.5
linear_reg_prev_52,2129.0
btcd_low_prev_240,2130.0
low_prev_204,2130.5
close_prev_32,2131.5
linear_reg_angle_prev_240,2132.5
volume_prev_196,2134.5
sar_prev_260,2134.5
close_prev_80,2135.5
volume_prev_32,2135.5
macd,2136.5
stoch_slowk_prev_164,2141.5
rsi_prev_240,2143.5
volume_prev_40,2144.5
close_prev_68,2147.5
stoch_slowd_prev_208,2147.5
btcdom_close_prev_40,2148.0
btcdom_open_prev_212,2148.0
btcdom_close_prev_184,2149.5
btcdom_volume_prev_204,2150.5
linear_reg_prev_116,2157.5
volume_prev_204,2157.5
stoch_slowk_prev_108,2160.5
linear_reg_angle_prev_108,2161.5
btcdom_low_prev_116,2164.0
linear_reg_angle_prev_48,2169.5
linear_reg_angle_prev_176,2171.0
stoch_diff_prev_64,2171.5
btcdom_volume_prev_128,2175.5
btcdom_high_prev_208,2176.5
linear_reg_prev_112,2177.5
close_prev_116,2177.5
macdsignal_prev_136,2180.5
btcd_close_prev_96,2180.5
linear_reg_prev_204,2181.5
volume_prev_160,2185.5
linear_reg_angle_prev_184,2186.5
linear_reg_prev_176,2188.5
rsi_prev_20,2188.5
atr_prev_104,2190.5
stoch_slowk_prev_184,2191.5
btcd_close_prev_264,2192.0
rsi_prev_268,2193.5
stoch_slowk_prev_12,2194.5
btcdom_volume_prev_12,2196.5
low_prev_28,2197.5
low_prev_220,2197.5
stoch_slowd_prev_152,2200.5
btcdom_low_prev_240,2201.0
cci_prev_156,2201.5
btcdom_volume_prev_244,2203.5
btcd_volume_prev_144,2205.5
volume_prev_36,2206.5
stoch_slowk_prev_88,2206.5
close_prev_52,2208.5
funding_rate_prev_264,2211.5
btcdom_low_prev_48,2212.0
low_prev_228,2212.5
cci_prev_100,2214.5
macd_prev_160,2216.5
btcdom_volume_prev_200,2217.5
btcdom_volume_prev_212,2219.5
close_prev_228,2220.5
high_prev_56,2221.5
macdhist_prev_112,2222.5
volume_prev_188,2222.5
linear_reg_prev_20,2224.0
btcdom_volume_prev_252,2228.5
btcd_open_prev_24,2228.5
btcdom_high_prev_80,2230.5
btcdom_close_prev_28,2233.5
atr_prev_56,2234.5
btcdom_low_prev_248,2235.0
btcdom_high_prev_72,2240.0
btcdom_close_prev_76,2240.5
linear_reg_angle_prev_188,2242.5
btcdom_volume_prev_268,2245.5
high_prev_44,2246.5
low_prev_244,2248.5
macd_prev_56,2248.5
sar,2249.5
rsi_prev_4,2250.5
rsi_prev_116,2253.5
cci_prev_76,2254.5
btcdom_high_prev_24,2255.0
btcdom_low_prev_12,2256.0
linear_reg_prev_212,2256.0
linear_reg_prev_120,2258.5
stoch_diff_prev_20,2259.5
open_prev_192,2263.5
btcd_close_prev_120,2265.0
linear_reg_prev_24,2266.5
linear_reg_prev_256,2268.5
atr_prev_136,2269.5
btcdom_open_prev_64,2271.0
macdsignal_prev_28,2271.5
linear_reg_prev_100,2272.5
macd_prev_32,2273.5
rsi_prev_136,2274.5
btcd_open_prev_120,2275.0
close_prev_36,2275.5
linear_reg_angle_prev_224,2279.5
sar_prev_8,2279.5
cci_prev_152,2279.5
rsi_prev_128,2279.5
stoch_slowd_prev_180,2281.5
btcd_close_prev_240,2285.0
atr_prev_168,2285.5
stoch_slowk_prev_228,2285.5
linear_reg_prev_180,2285.5
cci_prev_180,2287.5
stoch_diff_prev_184,2287.5
btcdom_open_prev_12,2288.0
open,2298.5
btcdom_close_prev_152,2299.0
low_prev_16,2300.5
linear_reg_angle_prev_68,2300.5
rsi_prev_232,2301.5
btcdom_volume_prev_100,2302.5
btcd_low,2304.0
stoch_slowd_prev_84,2304.5
btcdom_low_prev_40,2305.0
linear_reg_prev_264,2306.5
btcdom_high_prev_200,2307.0
cci_prev_56,2307.5
high,2312.5
low_prev_268,2312.5
sar_prev_4,2312.5
cci_prev_200,2312.5
btcdom_low,2313.0
btcdom_open_prev_152,2315.0
cci_prev_264,2317.5
close_prev_24,2317.5
stoch_slowk_prev_168,2319.5
close_prev_92,2321.5
high_prev_68,2323.5
low_prev_216,2324.5
macd_prev_188,2325.0
open_prev_240,2325.5
btcd_volume_prev_240,2326.5
atr_prev_124,2328.5
btcdom_volume_prev_8,2328.5
rsi_prev_204,2329.5
close_prev_164,2331.5
btcdom_low_prev_16,2333.0
cci_prev_124,2333.5
cci_prev_4,2333.5
stoch_slowk_prev_204,2333.5
btcdom_volume_prev_208,2334.5
btcdom_low_prev_64,2336.0
btcd_high_prev_48,2336.0
btcdom_low_prev_68,2336.0
btcd_close_prev_72,2338.0
stoch_slowd_prev_100,2338.5
btcdom_volume_prev_4,2338.5
linear_reg_prev_68,2339.5
btcdom_open_prev_48,2341.0
stoch_slowd_prev_144,2341.5
btcdom_volume_prev_176,2342.5
atr_prev_28,2346.5
btcd_open_prev_72,2347.0
stoch_slowk_prev_188,2348.5
btcdom_low_prev_32,2348.5
atr_prev_240,2349.5
sar_prev_240,2350.5
btcdom_volume_prev_232,2352.5
btcdom_high_prev_264,2353.0
btcdom_open_prev_56,2355.0
close_prev_240,2355.5
stoch_slowd_prev_80,2357.5
btcd_volume_prev_120,2358.5
low_prev_20,2359.5
btcdom_volume_prev_188,2360.5
btcdom_high_prev_4,2360.5
btcdom_high_prev_12,2361.0
close_prev_208,2361.5
linear_reg_prev_160,2361.5
atr_prev_100,2362.5
btcdom_low_prev_168,2363.0
atr_prev_48,2363.5
atr_prev_8,2366.5
atr_prev_260,2367.5
stoch_slowk_prev_144,2368.5
btcd_volume_prev_168,2369.5
stoch_diff_prev_16,2370.5
atr_prev_184,2373.5
linear_reg_prev_40,2374.5
atr_prev_60,2374.5
macdhist_prev_76,2374.5
btcdom_low_prev_148,2375.0
high_prev_80,2375.5
low_prev_132,2375.5
btcdom_close_prev_4,2376.0
rsi_prev_248,2379.5
rsi_prev_104,2379.5
btcdom_volume_prev_264,2379.5
btcd_open_prev_168,2381.0
low_prev_4,2381.5
btcd_volume,2383.5
btcdom_volume_prev_88,2384.5
btcdom_volume_prev_148,2384.5
linear_reg_prev_232,2386.5
btcdom_volume_prev_256,2386.5
stoch_diff_prev_152,2387.5
btcdom_volume_prev_140,2387.5
btcdom_volume_prev_16,2387.5
macd_prev_180,2388.5
btcdom_high_prev_140,2389.0
stoch_diff_prev_40,2389.5
linear_reg_prev_220,2390.0
btcdom_volume_prev_272,2391.5
btcdom_volume_prev_196,2391.5
funding_rate_prev_32,2391.5
btcdom_volume_prev_220,2392.5
rsi_prev_8,2394.5
close,2394.5
btcdom_volume_prev_108,2394.5
rsi_prev_184,2395.5
btcdom_volume_prev_120,2396.5
stoch_slowk_prev_216,2396.5
btcdom_low_prev_96,2399.0
linear_reg_prev_44,2399.5
btcdom_volume_prev_116,2400.5
btcdom_low_prev_72,2401.0
btcdom_close_prev_156,2401.0
btcdom_volume_prev_132,2402.5
btcdom_volume_prev_152,2403.5
btcdom_volume_prev_192,2403.5
rsi_prev_168,2405.5
close_prev_64,2408.5
stoch_slowk_prev_40,2409.5
btcdom_volume_prev_80,2410.5
macdsignal_prev_268,2412.5
btcdom_close_prev_164,2412.5
rsi_prev_160,2412.5
atr_prev_132,2413.5
macdhist_prev_136,2414.5
stoch_diff_prev_28,2415.5
btcdom_volume_prev_96,2415.5
high_prev_180,2415.5
btcdom_low_prev_176,2416.0
btcdom_high_prev_196,2416.0
stoch_diff_prev_52,2416.5
macd_prev_48,2416.5
cci_prev_132,2417.5
btcdom_low_prev_172,2418.0
btcdom_high_prev_224,2418.0
rsi_prev_196,2418.5
btcdom_open_prev_128,2419.0
btcdom_open_prev_36,2421.0
cci_prev_88,2421.5
btcdom_volume_prev_48,2422.5
stoch_diff_prev_12,2422.5
low_prev_172,2422.5
stoch_slowd_prev_88,2423.5
macd_prev_12,2423.5
btcdom_close_prev_52,2424.0
btcdom_low_prev_252,2425.5
stoch_diff_prev_116,2425.5
funding_rate_prev_256,2426.0
btcdom_high_prev_20,2431.5
atr_prev_140,2431.5
btcd_close_prev_192,2432.0
btcdom_high_prev_148,2432.5
close_prev_72,2432.5
btcdom_high_prev_52,2434.0
macdhist_prev_204,2434.5
close_prev_16,2436.5
stoch_diff_prev_216,2437.5
stoch_slowk,2438.5
btcdom_open_prev_8,2439.0
macd_prev_272,2439.5
atr_prev_4,2439.5
btcdom_open_prev_252,2441.0
btcdom_open_prev_188,2443.0
funding_rate_prev_88,2445.5
rsi_prev_80,2445.5
cci_prev_256,2446.5
low_prev_48,2447.5
rsi_prev_36,2449.5
btcdom_open_prev_24,2450.0
volume_prev_164,2450.5
cci_prev_268,2450.5
high_prev_208,2450.5
macdhist_prev_152,2452.5
stoch_slowk_prev_272,2454.5
atr_prev_164,2455.5
atr_prev_36,2456.5
low_prev_52,2456.5
funding_rate_prev_96,2457.5
linear_reg_prev_80,2457.5
stoch_diff_prev_256,2460.5
btcdom_high_prev_232,2462.0
stoch_diff_prev_236,2462.5
high_prev_240,2463.5
linear_reg_prev_88,2464.5
macdhist_prev_244,2464.5
btcdom_low_prev_104,2467.0
btcd_close_prev_144,2470.0
stoch_diff_prev_60,2470.5
rsi_prev_264,2471.5
linear_reg_prev_152,2471.5
low_prev_60,2472.5
close_prev_256,2473.5
atr_prev_80,2474.5
stoch_diff_prev_200,2475.5
high_prev_272,2476.5
stoch_diff_prev_156,2477.5
stoch_diff_prev_32,2477.5
btcdom_low_prev_192,2478.0
linear_reg_prev_192,2479.5
linear_reg_prev_236,2480.5
cci_prev_252,2480.5
btcdom_high_prev_108,2481.0
cci_prev_68,2481.5
close_prev_44,2481.5
macd_prev_64,2481.5
stoch_slowd_prev_48,2481.5
sar_prev_272,2483.0
stoch_diff_prev_176,2484.5
stoch_diff_prev_56,2485.5
macdhist_prev_140,2485.5
high_prev_232,2486.5
btcdom_low_prev_76,2487.0
rsi_prev_140,2487.5
btcdom_high_prev_204,2488.5
rsi_prev_48,2490.5
btcdom_high_prev_176,2491.0
sar_prev_88,2491.5
btcdom_high_prev_220,2492.0
macdhist_prev_252,2494.5
btcdom_low_prev_144,2496.0
low_prev_8,2496.5
stoch_slowd_prev_112,2499.5
btcdom_open_prev_136,2501.0
cci_prev_52,2502.5
btcdom_open_prev_124,2505.0
stoch_diff_prev_160,2505.5
cci_prev_176,2505.5
stoch_slowd_prev_36,2506.5
high_prev_220,2506.5
sar_prev_132,2507.0
btcdom_high_prev_244,2507.0
stoch_slowk_prev_48,2509.5
linear_reg_angle_prev_148,2509.5
close_prev_200,2509.5
btcdom_low_prev_140,2512.0
stoch_slowk_prev_100,2512.5
macdhist_prev_272,2512.5
rsi_prev_92,2512.5
high_prev_260,2513.5
low_prev_56,2513.5
btcdom_close_prev_32,2516.0
btcdom_open_prev_4,2517.0
hour,2517.5
sar_prev_152,2517.5
btcdom_open_prev_200,2518.0
btcdom_high_prev_172,2519.0
stoch_diff_prev_144,2520.5
high_prev_268,2520.5
macd_prev_84,2520.5
low_prev_152,2521.5
btcdom_high_prev_84,2522.0
sar_prev_212,2523.5
macdsignal_prev_244,2523.5
btcdom_low_prev_208,2524.0
atr_prev_44,2524.5
stoch_slowk_prev_260,2524.5
rsi_prev_228,2526.5
high_prev_216,2526.5
low_prev_180,2528.5
atr_prev_172,2528.5
stoch_diff_prev_108,2529.5
btcdom_open_prev_68,2532.0
btcdom_high_prev_36,2535.0
btcdom_high_prev_252,2536.0
high_prev_132,2536.5
macd_prev_232,2538.0
btcdom_high_prev_188,2539.0
stoch_diff_prev_112,2539.5
stoch_diff_prev_36,2539.5
macdsignal_prev_24,2541.0
btcdom_close_prev_60,2541.0
cci_prev_164,2544.5
atr_prev_244,2545.5
btcdom_low_prev_128,2547.0
cci_prev_236,2549.5
cci_prev_148,2549.5
macd_prev_236,2550.5
linear_reg_prev_164,2552.0
low_prev_200,2552.5
btcdom_low_prev_232,2553.0
low_prev_144,2553.5
macdsignal_prev_160,2553.5
atr_prev_96,2553.5
high_prev_224,2554.5
linear_reg_prev_108,2555.5
volume_prev_272,2555.5
macdhist_prev_124,2556.0
macdhist_prev_164,2556.5
cci_prev_220,2556.5
rsi_prev_84,2557.5
high_prev_96,2558.5
btcdom_close_prev_36,2560.0
btcdom_close_prev_248,2560.0
cci_prev_228,2560.5
macd_prev_72,2560.5
linear_reg_angle_prev_140,2561.5
btcdom_high_prev_100,2562.0
close_prev_40,2562.5
btcdom_low_prev_200,2563.0
high_prev_252,2564.5
macd_prev_88,2565.0
stoch_diff_prev_208,2565.5
macdhist_prev_8,2565.5
volume_prev_248,2567.5
volume_prev_60,2568.5
macdsignal_prev_196,2568.5
btcdom_open_prev_52,2569.0
btcdom_low_prev_120,2570.0
cci_prev_20,2570.5
macd_prev_148,2571.0
stoch_slowd_prev_120,2573.5
low_prev_148,2573.5
macdhist_prev_172,2574.0
cci_prev_80,2574.5
stoch_slowk_prev_124,2575.5
btcd_low_prev_144,2576.0
btcd_close_prev_168,2576.0
macdhist_prev_88,2576.0
stoch_slowk_prev_16,2576.5
cci_prev_64,2578.5
cci_prev_216,2578.5
atr_prev_84,2579.5
btcdom_open_prev_80,2580.0
sar_prev_252,2580.0
volume_prev_4,2580.5
stoch_slowd_prev_248,2580.5
btcdom_open_prev_84,2581.0
btcdom_open_prev_176,2581.0
stoch_diff_prev_80,2581.5
sar_prev_176,2582.5
stoch_diff_prev_76,2583.5
macdhist_prev_60,2584.5
stoch_slowk_prev_156,2584.5
atr_prev_192,2584.5
high_prev_108,2585.5
atr_prev_228,2585.5
close_prev_212,2585.5
rsi_prev_224,2587.5
linear_reg_angle_prev_56,2588.5
btcdom_high_prev_56,2589.0
btcdom_open_prev_140,2590.0
macd_prev_184,2590.0
stoch_diff_prev_192,2590.5
stoch_slowd_prev_52,2595.5
rsi_prev_216,2596.5
sar_prev_136,2597.0
stoch_diff_prev_84,2598.5
macdsignal_prev_64,2598.5
atr_prev_12,2599.0
macdhist_prev_176,2601.5
btcdom_high_prev_212,2602.0
stoch_slowk_prev_200,2603.5
stoch_slowd_prev_160,2603.5
sar_prev_48,2604.0
btcdom_open_prev_88,2605.0
btcdom_low_prev_4,2605.5
btcdom_close_prev_8,2606.0
close_prev_196,2606.5
stoch_slowd_prev_240,2608.5
close_prev_172,2610.5
rsi_prev_152,2610.5
close_prev_132,2610.5
btcdom_low_prev_224,2611.0
stoch_slowk_prev_236,2612.5
close_prev_184,2615.5
stoch_slowd_prev_252,2615.5
btcdom_open_prev_196,2616.0
low_prev_196,2616.5
stoch_slowk_prev_44,2617.5
funding_rate_prev_112,2618.0
macdsignal_prev_16,2618.0
stoch_slowd_prev_104,2618.5
btcd_high_prev_144,2619.0
linear_reg_prev_36,2619.5
btcdom_low_prev_236,2620.0
cci_prev_224,2620.5
open_prev_96,2621.5
macd_prev_8,2621.5
cci_prev_72,2623.5
btcdom_open_prev_96,2624.0
macdhist_prev_208,2624.5
stoch_diff_prev_88,2626.5
high_prev_20,2626.5
linear_reg_angle_prev_44,2626.5
btcdom_high_prev_236,2627.0
low_prev_36,2627.5
macdhist_prev_260,2627.5
btcd_high_prev_120,2627.5
macdhist_prev_40,2627.5
macd_prev_60,2627.5
stoch_diff_prev_148,2627.5
btcd_open_prev_192,2629.0
high_prev_124,2629.5
btcdom_close_prev_16,2630.0
btcdom_close_prev_64,2630.0
atr_prev_188,2630.5
btcdom_low_prev_84,2631.0
btcdom_low_prev_160,2633.0
btcdom_close_prev_216,2634.0
btcdom_close_prev_232,2634.0
close_prev_248,2634.5
stoch_slowk_prev_104,2635.5
linear_reg_prev_268,2636.5
high_prev_24,2636.5
close_prev_120,2636.5
btcdom_close_prev_208,2637.0
rsi_prev_60,2641.5
btcdom_open_prev_92,2642.0
stoch_slowk_prev_152,2642.5
macdhist_prev_216,2643.5
btcdom_open_prev_244,2644.0
high_prev_196,2645.5
atr_prev_76,2645.5
linear_reg_angle_prev_156,2646.5
stoch_slowd_prev_164,2647.5
volume_prev_176,2648.5
sar_prev_44,2649.5
stoch_slowk_prev_120,2650.5
btcdom_low_prev_108,2651.0
btcdom_open_prev_104,2651.0
btcdom_low_prev_112,2652.0
stoch_slowk_prev_208,2652.5
btcdom_close_prev_92,2653.0
btcdom_close_prev_256,2653.0
atr_prev_20,2654.5
macdsignal_prev_260,2655.0
btcdom_open_prev_172,2655.0
atr_prev_196,2657.5
macdhist_prev_160,2659.5
volume_prev_180,2659.5
volume_prev_48,2661.5
linear_reg_prev_132,2662.0
macdsignal_prev_176,2664.5
cci_prev_232,2665.5
volume_prev_168,2667.5
stoch_slowk_prev_268,2667.5
high_prev_40,2668.5
btcdom_open_prev_240,2670.0
stoch_slowd_prev_108,2672.5
btcdom_low_prev_184,2673.5
btcdom_low_prev_100,2674.0
btcdom_low_prev_256,2679.0
high_prev_4,2680.5
btcdom_high_prev_144,2680.5
macdsignal_prev_88,2681.0
btcdom_open_prev_40,2688.0
btcdom_low_prev_264,2688.0
stoch_slowd_prev_16,2688.5
btcd_high_prev_96,2689.5
macdhist_prev_16,2689.5
stoch_slowk_prev_196,2690.5
cci_prev_32,2690.5
btcdom_high_prev_68,2691.0
btcdom_high_prev_92,2692.0
btcdom_close_prev_220,2694.5
btcdom_low_prev_156,2696.5
btcdom_open_prev_156,2697.0
high_prev_204,2698.5
btcdom_open_prev_160,2699.0
high_prev_136,2699.5
volume_prev_96,2700.5
close_prev_140,2700.5
btcdom_high_prev_128,2701.0
btcd_low_prev_96,2703.0
volume_prev_64,2703.5
linear_reg_prev_76,2704.0
macdsignal_prev_56,2704.5
macdsignal_prev_192,2709.5
atr_prev_180,2709.5
btcdom_high_prev_256,2710.0
btcdom_open_prev_184,2710.0
sar_prev_96,2710.0
close_prev_28,2710.5
stoch_slowd_prev_20,2710.5
atr_prev_144,2711.5
stoch_slowd_prev_44,2712.5
linear_reg_angle_prev_120,2712.5
macd_prev_228,2713.5
btcdom_low_prev_36,2717.0
sar_prev_56,2718.5
macdhist_prev_268,2719.0
rsi_prev_208,2719.5
btcdom_high_prev_112,2720.0
low_prev_68,2720.5
btcdom_high_prev_168,2721.0
macd_prev_144,2721.5
macdhist_prev_80,2723.0
macdsignal_prev_256,2723.5
btcdom_low_prev_28,2724.0
btcdom_low_prev_24,2724.0
linear_reg_angle_prev_212,2725.5
sar_prev_16,2726.5
linear_reg_angle_prev_256,2727.5
rsi_prev_148,2728.5
stoch_slowd_prev_272,2729.5
btcdom_close_prev_140,2730.0
macdsignal_prev_76,2732.0
macdhist_prev_20,2732.0
close_prev_192,2733.5
macdsignal_prev_32,2736.0
sar_prev_196,2736.0
btcdom_close_prev_132,2738.0
btcdom_high_prev_248,2740.5
macd_prev_124,2741.5
volume_prev_208,2741.5
btcdom_low_prev_92,2744.5
close_prev_76,2745.5
linear_reg_angle_prev_116,2747.5
linear_reg_prev_252,2748.5
volume_prev_12,2749.5
linear_reg_angle_prev_76,2750.5
btcdom_close_prev_264,2751.0
btcdom_high_prev_136,2753.0
volume_prev_112,2755.5
macdhist_prev_132,2758.0
macd_prev_164,2758.0
macd_prev_208,2758.5
stoch_diff_prev_136,2759.5
macdhist_prev_36,2759.5
stoch_slowk_prev_212,2759.5
macdsignal_prev_108,2759.5
stoch_diff_prev_140,2760.5
sar_prev_120,2761.5
rsi_prev_260,2764.5
macd_prev_220,2764.5
atr_prev_204,2766.5
macd_prev_36,2768.0
low_prev_100,2769.5
low_prev_92,2770.5
btcdom_close_prev_260,2770.5
btcdom_open_prev_60,2771.0
stoch_slowk_prev_96,2771.5
sar_prev_80,2773.0
volume,2773.5
rsi_prev_68,2774.5
btcdom_low_prev_212,2777.0
btcdom_close_prev_144,2779.0
btcdom_high_prev_44,2779.5
high_prev_256,2779.5
high_prev_200,2780.5
macdsignal_prev_236,2781.5
stoch_slowd_prev_8,2781.5
volume_prev_16,2781.5
high_prev_128,2782.5
btcdom_close_prev_104,2783.0
volume_prev_256,2783.5
macdhist_prev_168,2785.5
btcdom_close_prev_272,2786.0
btcdom_close_prev_20,2786.0
cci_prev_192,2787.5
stoch_slowd_prev_28,2787.5
linear_reg_angle_prev_272,2788.5
btcdom_low_prev_124,2790.0
btcdom_high_prev_216,2790.0
volume_prev_132,2792.5
sar_prev_144,2794.5
linear_reg_angle_prev_104,2794.5
funding_rate_prev_160,2795.0
linear_reg_prev_56,2798.5
stoch_slowk_prev_68,2798.5
stoch_slowd,2798.5
stoch_slowd_prev_172,2799.5
close_prev_156,2801.5
btcdom_open_prev_208,2803.0
sar_prev_68,2803.5
sar_prev_228,2806.5
btcdom_high_prev_160,2806.5
cci_prev_260,2807.5
btcdom_open_prev_168,2808.0
low_prev_64,2808.5
linear_reg_prev_224,2809.0
btcdom_close_prev_172,2810.0
btcdom_close_prev_136,2810.0
macd_prev_204,2812.5
btcdom_high_prev_124,2813.0
btcdom_open_prev_232,2816.0
macdsignal_prev_36,2819.0
stoch_slowk_prev_132,2820.5
btcdom_high_prev_260,2820.5
btcdom_low_prev_180,2821.5
macdhist_prev_264,2821.5
macdsignal_prev_220,2821.5
btcdom_open_prev_224,2824.0
btcdom_close_prev_56,2824.0
macdsignal_prev_204,2824.5
btcdom_close_prev_200,2825.0
atr_prev_112,2825.5
volume_prev_24,2825.5
high_prev_152,2827.5
volume_prev_260,2829.5
cci_prev_16,2830.5
btcdom_low_prev_220,2832.0
linear_reg_angle_prev_264,2833.0
macdsignal_prev_184,2834.0
macdhist_prev_256,2834.0
btcdom_open_prev_148,2835.0
volume_prev_128,2835.5
stoch_slowk_prev_248,2837.5
linear_reg_angle_prev_172,2837.5
linear_reg_angle_prev_52,2837.5
macdhist_prev_128,2838.5
linear_reg_angle_prev_208,2838.5
btcdom_high_prev_152,2841.0
stoch_slowd_prev_176,2841.5
btcdom_high_prev_192,2842.0
btcdom_open_prev_248,2843.0
btcdom_close_prev_168,2844.0
btcdom_open_prev_32,2844.0
high_prev_64,2844.5
macd_prev_112,2845.0
linear_reg_angle_prev_168,2845.5
macd_prev_240,2847.0
atr_prev_220,2847.5
sar_prev_160,2848.0
atr_prev_156,2848.5
close_prev_188,2850.5
macd_prev_104,2851.5
btcdom_open_prev_116,2852.0
stoch_slowd_prev_68,2852.5
linear_reg_prev_184,2853.0
macdsignal_prev_248,2856.0
btcdom_open_prev_216,2858.0
linear_reg_prev_84,2858.5
btcdom_open_prev_108,2859.0
linear_reg_angle_prev_200,2859.5
macdhist_prev_248,2862.0
linear_reg_angle_prev_260,2862.5
stoch_slowd_prev_92,2863.5
btcdom_low_prev_152,2865.0
volume_prev_104,2866.5
btcdom_close_prev_80,2867.5
macd_prev_120,2870.0
stoch_slowd_prev_96,2871.5
linear_reg_angle_prev_164,2871.5
macdhist_prev_108,2872.5
btcdom_open_prev_164,2873.0
linear_reg_angle_prev_236,2874.5
linear_reg_angle_prev_64,2874.5
sar_prev_36,2876.0
atr_prev_264,2876.5
btcdom_high_prev_132,2878.0
btcdom_high_prev_116,2879.0
btcdom_close_prev_112,2881.0
stoch_slowd_prev_148,2881.5
btcdom_low_prev_80,2881.5
btcdom_high_prev_48,2882.0
macd_prev_44,2884.0
linear_reg_angle_prev_8,2886.5
btcdom_close_prev_176,2887.0
linear_reg_angle_prev_244,2887.5
macd_prev_80,2888.0
macdsignal_prev_60,2888.0
btcdom_open_prev_112,2890.0
macdhist_prev_92,2890.0
btcdom_open_prev_72,2891.0
volume_prev_144,2891.5
sar_prev_224,2891.5
volume_prev_240,2892.5
volume_prev_72,2892.5
cci_prev_248,2892.5
btcdom_close_prev_96,2894.0
btcdom_low_prev_136,2895.0
linear_reg_angle_prev_12,2895.5
volume_prev_124,2895.5
close_prev_244,2897.5
low_prev_120,2898.5
macd_prev_116,2900.0
btcdom_open_prev_120,2903.0
funding_rate_prev_104,2904.5
btcdom_close_prev_84,2905.0
low_prev_188,2905.5
low_prev_248,2905.5
btcdom_close_prev_128,2906.0
volume_prev_172,2906.5
volume_prev_148,2907.5
btcdom_close_prev_228,2907.5
macd_prev_196,2907.5
macd_prev_40,2909.0
btcdom_close_prev_252,2910.0
macdhist_prev_24,2911.5
macdhist_prev_188,2913.0
rsi_prev_96,2913.5
macdhist_prev_12,2914.5
macdhist_prev_4,2915.0
macd_prev_132,2915.5
macd_prev_252,2916.0
volume_prev_116,2916.0
funding_rate_prev_24,2917.0
funding_rate_prev_144,2919.0
volume_prev_244,2919.5
high_prev_92,2920.5
volume_prev_108,2920.5
macd_prev_108,2922.0
volume_prev_264,2922.5
macdhist_prev_116,2925.5
macd_prev_256,2925.5
macdhist_prev_240,2930.5
macd_prev_152,2931.0
volume_prev_88,2931.5
linear_reg_angle_prev_128,2931.5
stoch_slowd_prev_192,2932.5
macdsignal_prev_168,2932.5
macdhist_prev_148,2933.5
low_prev_240,2933.5
macdsignal_prev_8,2935.0
linear_reg_prev_244,2935.5
macdhist_prev_44,2936.0
btcdom_close_prev_116,2938.0
linear_reg_prev_196,2938.5
btcdom_high_prev_96,2939.0
linear_reg_angle_prev_252,2939.5
sar_prev_116,2941.0
btcdom_low_prev_44,2942.5
macdsignal_prev_188,2943.0
btcdom_open_prev_100,2946.0
funding_rate_prev_184,2946.5
macd_prev_212,2948.0
btcdom_close_prev_88,2948.0
btcdom_open_prev_28,2950.0
macd_prev_76,2953.5
btcdom_high_prev_60,2955.0
macdsignal_prev_232,2958.0
linear_reg_prev_136,2960.5
macdsignal_prev_224,2963.0
btcdom_close_prev_236,2963.0
volume_prev_76,2963.5
linear_reg_prev_260,2965.0
cci_prev_196,2965.5
linear_reg_prev_188,2968.5
btcdom_close_prev_244,2969.0
stoch_slowk_prev_92,2969.5
stoch_slowk_prev_28,2969.5
sar_prev_12,2971.0
macdsignal_prev_116,2972.0
macdhist_prev_64,2973.5
stoch_slowk_prev_180,2973.5
macdsignal_prev_48,2974.0
btcdom_low_prev_216,2975.0
btcdom_close_prev_180,2976.0
macdsignal_prev_92,2976.0
macd_prev_140,2976.0
funding_rate_prev_176,2978.0
macdhist,2978.0
stoch_slowd_prev_24,2978.5
macd_prev_176,2981.0
linear_reg_angle_prev_144,2983.5
linear_reg_prev_208,2984.0
macdsignal_prev_104,2984.0
volume_prev_268,2985.5
btcdom_high_prev_156,2988.0
funding_rate,2989.5
btcdom_close_prev_120,2991.0
macd_prev_92,2997.0
sar_prev_20,2998.0
btcdom_open_prev_260,2999.5
linear_reg_angle_prev_228,3000.5
sar_prev_180,3006.0
high_prev_188,3006.5
btcdom_close_prev_12,3006.5
macdhist_prev_72,3007.0
macdsignal_prev_216,3009.0
macd_prev_24,3010.0
stoch_slowd_prev_196,3011.5
macd_prev_260,3011.5
macd_prev_268,3012.0
sar_prev_232,3013.0
macdsignal_prev_212,3014.0
btcdom_close_prev_108,3014.0
linear_reg_prev_240,3015.0
sar_prev_140,3016.0
linear_reg_angle_prev_88,3016.5
sar_prev_76,3017.0
sar_prev_172,3018.0
macdsignal_prev_52,3018.0
macdhist_prev_32,3018.5
sar_prev_24,3019.0
macdsignal_prev_128,3019.0
btcdom_close_prev_212,3020.0
sar_prev_84,3021.0
macdsignal_prev_152,3021.0
funding_rate_prev_200,3021.0
btcdom_open_prev_256,3021.5
macd_prev_136,3022.0
macdsignal_prev_84,3022.0
rsi_prev_28,3022.5
linear_reg_prev_216,3024.0
macdsignal_prev_112,3025.0
btcdom_close_prev_100,3025.0
linear_reg_angle_prev_268,3026.5
sar_prev_188,3027.0
linear_reg_angle_prev_72,3028.5
macdsignal_prev_144,3031.5
macdsignal_prev_44,3032.0
sar_prev_100,3032.5
btcdom_close_prev_124,3034.0
btcdom_high_prev_120,3035.5
btcdom_close_prev_160,3036.0
linear_reg_angle_prev_112,3036.5
btcdom_close_prev_196,3039.0
sar_prev_104,3039.0
sar_prev_148,3040.0
volume_prev_156,3040.5
high_prev_172,3040.5
linear_reg_angle_prev_216,3041.5
funding_rate_prev_192,3043.0
sar_prev_112,3043.0
sar_prev_192,3043.0
macdsignal_prev_96,3044.5
macdhist_prev_68,3045.5
btcdom_open_prev_228,3046.0
stoch_slowd_prev_216,3046.5
macdsignal_prev_200,3048.0
linear_reg_angle_prev_248,3048.5
btcdom_high_prev_76,3049.5
btcdom_open_prev_204,3051.0
linear_reg_angle_prev_92,3051.5
sar_prev_200,3052.0
linear_reg_prev_140,3052.5
macdhist_prev_232,3052.5
sar_prev_128,3053.0
macd_prev_20,3054.5
btcdom_close_prev_224,3055.0
btcdom_close_prev_148,3055.0
linear_reg_prev_144,3055.5
macd_prev_96,3055.5
macdsignal_prev_164,3056.0
linear_reg_prev_48,3057.5
btcdom_low_prev_196,3058.5
macd_prev_128,3059.0
macd_prev_4,3059.0
btcdom_open_prev_144,3061.5
sar_prev_184,3062.0
linear_reg_prev_28,3065.5
macdhist_prev_28,3069.5
btcdom_low_prev_88,3070.5
funding_rate_prev_168,3072.0
macd_prev_216,3072.5
btcdom_low_prev_204,3073.5
linear_reg_prev_16,3074.0
linear_reg_angle_prev_152,3074.5
btcdom_high_prev_32,3080.5
volume_prev_20,3080.5
btcdom_high_prev_88,3084.5
sar_prev_204,3085.5
linear_reg_prev_172,3086.5
btcdom_close_prev_44,3087.0
macdhist_prev_56,3087.5
volume_prev_236,3093.5
volume_prev_228,3093.5
macdsignal_prev_272,3097.0
btcdom_close_prev_268,3097.5
volume_prev_44,3101.5
macdhist_prev_196,3102.0
btcdom_low_prev_268,3106.5
linear_reg_prev_8,3111.5
btcdom_open_prev_268,3112.5
macd_prev_264,3114.5
btcdom_high_prev_240,3115.5
linear_reg_prev_64,3116.5
sar_prev_92,3117.5
btcdom_open_prev_236,3120.5
funding_rate_prev_64,3122.0
linear_reg_angle_prev_192,3130.5
macdhist_prev_120,3132.0
macdsignal_prev_172,3133.5
volume_prev_8,3135.5
linear_reg_angle_prev_40,3136.5
linear_reg_prev_96,3137.5
btcdom_close_prev_192,3139.5
linear_reg_prev_32,3141.5
funding_rate_prev_8,3144.0
macdhist_prev_180,3145.0
linear_reg_prev_60,3148.5
macd_prev_52,3149.5
macdhist_prev_104,3151.0
macdhist_prev_184,3153.5
linear_reg_prev_92,3153.5
macdhist_prev_228,3154.5
linear_reg_angle_prev_132,3158.5
funding_rate_prev_248,3159.0
macdhist_prev_144,3159.5
linear_reg_prev_148,3159.5
sar_prev_248,3163.0
funding_rate_prev_208,3166.5
linear_reg_angle_prev_136,3167.5
macdhist_prev_52,3170.5
macdhist_prev_84,3170.5
linear_reg_prev_104,3176.5
sar_prev_256,3182.5
btcdom_low_prev_132,3188.0
sar_prev_52,3191.0
macdsignal_prev_40,3192.5
macd_prev_244,3195.5
linear_reg_prev_12,3195.5
btcdom_low_prev_164,3200.5
macdhist_prev_220,3203.5
btcdom_open_prev_220,3206.5
macd_prev_168,3206.5
macd_prev_172,3214.5
funding_rate_prev_216,3218.0
sar_prev_236,3222.5
sar_prev_60,3223.0
linear_reg_prev_124,3223.5
sar_prev_108,3225.0
linear_reg_prev_168,3230.0
sar_prev_264,3233.5
macdsignal_prev_12,3239.0
funding_rate_prev_232,3242.5
funding_rate_prev_272,3247.5
funding_rate_prev_224,3248.0
btcdom_open_prev_76,3252.5
macdhist_prev_236,3253.0
macdsignal,3254.5
sar_prev_216,3254.5
macdsignal_prev_4,3261.5
macdhist_prev_156,3263.0
macdsignal_prev_72,3263.5
macdsignal_prev_120,3264.5
linear_reg_angle_prev_84,3265.5
btcdom_low_prev_228,3265.5
macdsignal_prev_20,3265.5
sar_prev_40,3267.5
macdsignal_prev_208,3278.5
macdsignal_prev_148,3279.5
macdsignal_prev_140,3284.0
sar_prev_28,3284.5
macd_prev_68,3287.5
btcdom_high_prev_228,3290.5
sar_prev_124,3292.5
btcdom_open_prev_264,3294.5
funding_rate_prev_120,3296.5
macdsignal_prev_124,3299.0
funding_rate_prev_152,3301.5
macdhist_prev_96,3302.5
funding_rate_prev_80,3307.5
btcdom_close_prev_24,3313.0
macdsignal_prev_100,3314.5
macdsignal_prev_180,3314.5
macdsignal_prev_252,3326.5
sar_prev_156,3328.0
sar_prev_208,3329.5
funding_rate_prev_128,3331.5
macdsignal_prev_68,3331.5
macdsignal_prev_132,3332.5
btcdom_low_prev_244,3338.5
macdsignal_prev_264,3347.5
sar_prev_268,3348.5
sar_prev_220,3356.5
macd_prev_156,3361.5
sar_prev_64,3365.5
macdsignal_prev_228,3371.5
macdhist_prev_212,3373.5
btcdom_open_prev_192,3375.0
macdhist_prev_200,3380.5
sar_prev_168,3382.5
macdsignal_prev_80,3392.0
funding_rate_prev_48,3395.5
macdsignal_prev_156,3398.5
macd_prev_28,3407.5
sar_prev_72,3418.5
macd_prev_16,3423.5
funding_rate_prev_240,3429.5
funding_rate_prev_136,3440.5
sar_prev_164,3442.5
macdsignal_prev_240,3457.0
btcdom_close_prev_240,3457.5
sar_prev_32,3472.0
macd_prev_200,3480.5
sar_prev_244,3494.5
btcdom_open_prev_132,3502.5
btcdom_close_prev_204,3774.5
